<?xml version="1.0" encoding="utf-8"?>
<System>
  <P Name="Location">[30, 30, 1010, 750]</P>
  <P Name="SetExecutionDomain">off</P>
  <P Name="ExecutionDomainType">Deduce</P>
  <P Name="SimulinkSubDomain">Simulink</P>
  <Block BlockType="Inport" Name="x" SID="44356">
    <P Name="Position">[20, 30, 60, 70]</P>
    <P Name="ZOrder">1</P>
    <P Name="PortDimensions">2</P>
    <Mask>
      <Display IconFrame="off">e = 0.06;c1 = [120 230 180]/255;c2 = ([120 230 180]+0)/(256+128);c3 = ([120 230 180]+128)/(256+128);patch([0 1 1 0],[0 0 1 1],c1);patch([0 1 1 1-e 1-e 0+e],[0 0 1 1-e 0+e 0+e],c2);patch([0 0 1 1-e 0+e 0+e],[0 1 1 1-e 1-e 0+e],c3);plot([0 1 1 0 0],[0 0 1 1 0]);</Display>
    </Mask>
  </Block>
  <Block BlockType="Reference" Name="mapminmax" SID="44357">
    <P Name="Ports">[1, 1]</P>
    <P Name="Position">[120, 30, 160, 70]</P>
    <P Name="ZOrder">2</P>
    <P Name="BackgroundColor">lightBlue</P>
    <P Name="LibraryVersion">1.100</P>
    <P Name="SourceBlock">neural/Processing Functions/mapminmax</P>
    <P Name="SourceType">MAPMINMAX Preprocess</P>
    <P Name="SourceProductBaseCode">NN</P>
    <InstanceData>
      <P Name="RTWMemSecFuncInitTerm">Inherit from model</P>
      <P Name="RTWMemSecFuncExecute">Inherit from model</P>
      <P Name="RTWMemSecDataConstants">Inherit from model</P>
      <P Name="RTWMemSecDataInternal">Inherit from model</P>
      <P Name="RTWMemSecDataParameters">Inherit from model</P>
      <P Name="ContentPreviewEnabled">off</P>
      <P Name="xmin">[0;0]</P>
      <P Name="xmax">[11058.6889152982585073914378881;200.235307480860427631341735832]</P>
      <P Name="ymin">-1</P>
      <P Name="ymax">1</P>
    </InstanceData>
  </Block>
  <Block BlockType="Outport" Name="p" SID="44358">
    <P Name="Position">[220, 30, 260, 70]</P>
    <P Name="ZOrder">3</P>
    <P Name="PortDimensions">2</P>
    <Mask>
      <Display IconFrame="off">e = 0.06;c1 = [120 230 180]/255;c2 = ([120 230 180]+0)/(256+128);c3 = ([120 230 180]+128)/(256+128);patch([0 1 1 0],[0 0 1 1],c1);patch([0 1 1 1-e 1-e 0+e],[0 0 1 1-e 0+e 0+e],c2);patch([0 0 1 1-e 0+e 0+e],[0 1 1 1-e 1-e 0+e],c3);plot([0 1 1 0 0],[0 0 1 1 0]);</Display>
    </Mask>
  </Block>
  <Line>
    <P Name="ZOrder">1</P>
    <P Name="Src">44356#out:1</P>
    <P Name="Dst">44357#in:1</P>
  </Line>
  <Line>
    <P Name="ZOrder">2</P>
    <P Name="Src">44357#out:1</P>
    <P Name="Dst">44358#in:1</P>
  </Line>
</System>
