<?xml version="1.0" encoding="utf-8"?>
<System>
  <P Name="Location">[-8, -8, 1928, 1048]</P>
  <P Name="SetExecutionDomain">off</P>
  <P Name="ExecutionDomainType">Deduce</P>
  <P Name="SimulinkSubDomain">Simulink</P>
  <Block BlockType="Inport" Name="y" SID="43010">
    <P Name="Position">[-315, -57, -285, -43]</P>
    <P Name="ZOrder">100000</P>
  </Block>
  <Block BlockType="Constant" Name="Constant" SID="43026">
    <P Name="Position">[90, -158, 175, -112]</P>
    <P Name="ZOrder">100000</P>
    <P Name="Value">iLFaultSwitch</P>
  </Block>
  <Block BlockType="Constant" Name="Constant1" SID="43028">
    <P Name="Position">[145, 122, 230, 168]</P>
    <P Name="ZOrder">100000</P>
    <P Name="Value">VcFaultSwitch</P>
  </Block>
  <Block BlockType="Demux" Name="Demux" SID="43029">
    <P Name="Ports">[1, 2]</P>
    <P Name="Position">[450, 11, 455, 49]</P>
    <P Name="ZOrder">100000</P>
    <P Name="Outputs">2</P>
  </Block>
  <Block BlockType="Demux" Name="Demux1" SID="43030">
    <P Name="Ports">[1, 2]</P>
    <P Name="Position">[425, 191, 430, 229]</P>
    <P Name="ZOrder">100000</P>
    <P Name="Outputs">2</P>
  </Block>
  <Block BlockType="From" Name="From" SID="43314">
    <P Name="Position">[640, -75, 680, -45]</P>
    <P Name="ZOrder">100000</P>
    <P Name="GotoTag">y</P>
  </Block>
  <Block BlockType="Goto" Name="Goto" SID="43313">
    <P Name="Position">[-270, 35, -230, 65]</P>
    <P Name="ZOrder">100000</P>
    <P Name="GotoTag">y</P>
  </Block>
  <Block BlockType="Reference" Name="Loss of sensor&#xA;Generator" SID="43008">
    <P Name="Ports">[2, 1]</P>
    <P Name="Position">[70, -72, 130, -3]</P>
    <P Name="ZOrder">100000</P>
    <P Name="HideAutomaticName">off</P>
    <P Name="LibraryVersion">1.46</P>
    <P Name="SourceBlock">PhdLibrary/Loss of sensor
Generator</P>
    <P Name="SourceType">Loss of sensor signal fault generator</P>
    <P Name="SourceProductName">Phd Diego</P>
    <InstanceData>
      <P Name="RTWMemSecFuncInitTerm">Inherit from model</P>
      <P Name="RTWMemSecFuncExecute">Inherit from model</P>
      <P Name="RTWMemSecDataConstants">Inherit from model</P>
      <P Name="RTWMemSecDataInternal">Inherit from model</P>
      <P Name="RTWMemSecDataParameters">Inherit from model</P>
      <P Name="ContentPreviewEnabled">on</P>
    </InstanceData>
  </Block>
  <Block BlockType="Reference" Name="Loss of sensor&#xA;Generator1" SID="43024">
    <P Name="Ports">[2, 1]</P>
    <P Name="Position">[15, 193, 75, 262]</P>
    <P Name="ZOrder">100000</P>
    <P Name="HideAutomaticName">off</P>
    <P Name="LibraryVersion">1.46</P>
    <P Name="SourceBlock">PhdLibrary/Loss of sensor
Generator</P>
    <P Name="SourceType">Loss of sensor signal fault generator</P>
    <P Name="SourceProductName">Phd Diego</P>
    <InstanceData>
      <P Name="RTWMemSecFuncInitTerm">Inherit from model</P>
      <P Name="RTWMemSecFuncExecute">Inherit from model</P>
      <P Name="RTWMemSecDataConstants">Inherit from model</P>
      <P Name="RTWMemSecDataInternal">Inherit from model</P>
      <P Name="RTWMemSecDataParameters">Inherit from model</P>
      <P Name="ContentPreviewEnabled">on</P>
    </InstanceData>
  </Block>
  <Block BlockType="MultiPortSwitch" Name="Multiport&#xA;Switch" SID="43022">
    <P Name="Ports">[5, 1]</P>
    <P Name="Position">[295, -133, 335, -27]</P>
    <P Name="ZOrder">100000</P>
    <P Name="DataPortOrder">Zero-based contiguous</P>
    <P Name="DataPortForDefault">Additional data port</P>
    <P Name="zeroidx">on</P>
    <P Name="InputSameDT">off</P>
    <P Name="SaturateOnIntegerOverflow">off</P>
  </Block>
  <Block BlockType="MultiPortSwitch" Name="Multiport&#xA;Switch1" SID="43027">
    <P Name="Ports">[5, 1]</P>
    <P Name="Position">[315, 157, 355, 263]</P>
    <P Name="ZOrder">100000</P>
    <P Name="DataPortOrder">Zero-based contiguous</P>
    <P Name="DataPortForDefault">Additional data port</P>
    <P Name="zeroidx">on</P>
    <P Name="InputSameDT">off</P>
    <P Name="SaturateOnIntegerOverflow">off</P>
  </Block>
  <Block BlockType="Mux" Name="Mux" SID="43031">
    <P Name="Ports">[2, 1]</P>
    <P Name="Position">[605, 61, 610, 99]</P>
    <P Name="ZOrder">100000</P>
    <P Name="Inputs">2</P>
    <P Name="DisplayOption">bar</P>
  </Block>
  <Block BlockType="Reference" Name="Offset Fault&#xA;Generator" SID="43007">
    <P Name="Ports">[2, 1]</P>
    <P Name="Position">[-430, -8, -370, 63]</P>
    <P Name="ZOrder">100000</P>
    <P Name="HideAutomaticName">off</P>
    <P Name="Commented">on</P>
    <P Name="LibraryVersion">1.46</P>
    <P Name="SourceBlock">PhdLibrary/Offset Fault
Generator</P>
    <P Name="SourceType">Step faults</P>
    <P Name="SourceProductName">Phd Diego</P>
    <InstanceData>
      <P Name="RTWMemSecFuncInitTerm">Inherit from model</P>
      <P Name="RTWMemSecFuncExecute">Inherit from model</P>
      <P Name="RTWMemSecDataConstants">Inherit from model</P>
      <P Name="RTWMemSecDataInternal">Inherit from model</P>
      <P Name="RTWMemSecDataParameters">Inherit from model</P>
      <P Name="ContentPreviewEnabled">on</P>
      <P Name="s1gain">20</P>
      <P Name="s2gain">20</P>
    </InstanceData>
  </Block>
  <Block BlockType="Scope" Name="Scope" SID="43037">
    <P Name="Ports">[1]</P>
    <P Name="Position">[555, -116, 585, -84]</P>
    <P Name="ZOrder">100000</P>
    <P Name="ScopeSpecificationString">Simulink.scopes.TimeScopeBlockCfg(&apos;CurrentConfiguration&apos;, extmgr.ConfigurationSet(extmgr.Configuration(&apos;Core&apos;,&apos;General UI&apos;,true),extmgr.Configuration(&apos;Core&apos;,&apos;Source UI&apos;,true),extmgr.Configuration(&apos;Sources&apos;,&apos;WiredSimulink&apos;,true,&apos;DataLoggingVariableName&apos;,&apos;ScopeData1&apos;),extmgr.Configuration(&apos;Visuals&apos;,&apos;Time Domain&apos;,true,&apos;SerializedDisplays&apos;,{struct(&apos;MinYLimReal&apos;,&apos;-60.42515&apos;,&apos;MaxYLimReal&apos;,&apos;543.82631&apos;,&apos;YLabelReal&apos;,&apos;&apos;,&apos;MinYLimMag&apos;,&apos;0.00000&apos;,&apos;MaxYLimMag&apos;,&apos;543.82631&apos;,&apos;LegendVisibility&apos;,&apos;off&apos;,&apos;XGrid&apos;,true,&apos;YGrid&apos;,true,&apos;PlotMagPhase&apos;,false,&apos;AxesColor&apos;,[0 0 0],&apos;AxesTickColor&apos;,[0.686274509803922 0.686274509803922 0.686274509803922],&apos;ColorOrder&apos;,[1 1 0.0666666666666667;0.0745098039215686 0.623529411764706 1;1 0.411764705882353 0.16078431372549;0.392156862745098 0.831372549019608 0.0745098039215686;0.717647058823529 0.274509803921569 1;0.0588235294117647 1 1;1 0.0745098039215686 0.650980392156863],&apos;Title&apos;,&apos;%&lt;SignalLabel&gt;&apos;,&apos;LinePropertiesCache&apos;,{{}},&apos;UserDefinedChannelNames&apos;,{{}},&apos;NumLines&apos;,2,&apos;LineNames&apos;,{{&apos;Multiport Switch:1&apos;,&apos;Multiport Switch:2&apos;}},&apos;ShowContent&apos;,true,&apos;Placement&apos;,1)},&apos;DisplayPropertyDefaults&apos;,struct(&apos;MinYLimReal&apos;,&apos;-60.42515&apos;,&apos;MaxYLimReal&apos;,&apos;543.82631&apos;,&apos;YLabelReal&apos;,&apos;&apos;,&apos;MinYLimMag&apos;,&apos;0.00000&apos;,&apos;MaxYLimMag&apos;,&apos;543.82631&apos;,&apos;LegendVisibility&apos;,&apos;off&apos;,&apos;XGrid&apos;,true,&apos;YGrid&apos;,true,&apos;PlotMagPhase&apos;,false,&apos;AxesColor&apos;,[0 0 0],&apos;AxesTickColor&apos;,[0.686274509803922 0.686274509803922 0.686274509803922],&apos;ColorOrder&apos;,[0.0745098039215686 0.623529411764706 1;1 0.411764705882353 0.16078431372549;1 1 0.0666666666666667;0.717647058823529 0.274509803921569 1;0.392156862745098 0.831372549019608 0.0745098039215686;0.0588235294117647 1 1;1 0.0745098039215686 0.650980392156863])),extmgr.Configuration(&apos;Tools&apos;,&apos;Plot Navigation&apos;,true),extmgr.Configuration(&apos;Tools&apos;,&apos;Measurements&apos;,true,&apos;Version&apos;,&apos;2020a&apos;)),&apos;Version&apos;,&apos;2020a&apos;)</P>
    <P Name="NumInputPorts">1</P>
    <P Name="Floating">off</P>
  </Block>
  <Block BlockType="Scope" Name="Scope1" SID="43038">
    <P Name="Ports">[1]</P>
    <P Name="Position">[555, 154, 585, 186]</P>
    <P Name="ZOrder">100000</P>
    <P Name="ScopeSpecificationString">Simulink.scopes.TimeScopeBlockCfg(&apos;CurrentConfiguration&apos;, extmgr.ConfigurationSet(extmgr.Configuration(&apos;Core&apos;,&apos;General UI&apos;,true),extmgr.Configuration(&apos;Core&apos;,&apos;Source UI&apos;,true),extmgr.Configuration(&apos;Sources&apos;,&apos;WiredSimulink&apos;,true,&apos;DataLoggingVariableName&apos;,&apos;ScopeData2&apos;),extmgr.Configuration(&apos;Visuals&apos;,&apos;Time Domain&apos;,true,&apos;SerializedDisplays&apos;,{struct(&apos;MinYLimReal&apos;,&apos;-60.42515&apos;,&apos;MaxYLimReal&apos;,&apos;543.82631&apos;,&apos;YLabelReal&apos;,&apos;&apos;,&apos;MinYLimMag&apos;,&apos;0.00000&apos;,&apos;MaxYLimMag&apos;,&apos;543.82631&apos;,&apos;LegendVisibility&apos;,&apos;off&apos;,&apos;XGrid&apos;,true,&apos;YGrid&apos;,true,&apos;PlotMagPhase&apos;,false,&apos;AxesColor&apos;,[0 0 0],&apos;AxesTickColor&apos;,[0.686274509803922 0.686274509803922 0.686274509803922],&apos;ColorOrder&apos;,[1 1 0.0666666666666667;0.0745098039215686 0.623529411764706 1;1 0.411764705882353 0.16078431372549;0.392156862745098 0.831372549019608 0.0745098039215686;0.717647058823529 0.274509803921569 1;0.0588235294117647 1 1;1 0.0745098039215686 0.650980392156863],&apos;Title&apos;,&apos;%&lt;SignalLabel&gt;&apos;,&apos;LinePropertiesCache&apos;,{{}},&apos;UserDefinedChannelNames&apos;,{{}},&apos;NumLines&apos;,1,&apos;LineNames&apos;,{{&apos;Demux1/2&apos;}},&apos;ShowContent&apos;,true,&apos;Placement&apos;,1)},&apos;DisplayPropertyDefaults&apos;,struct(&apos;MinYLimReal&apos;,&apos;-60.42515&apos;,&apos;MaxYLimReal&apos;,&apos;543.82631&apos;,&apos;YLabelReal&apos;,&apos;&apos;,&apos;MinYLimMag&apos;,&apos;0.00000&apos;,&apos;MaxYLimMag&apos;,&apos;543.82631&apos;,&apos;LegendVisibility&apos;,&apos;off&apos;,&apos;XGrid&apos;,true,&apos;YGrid&apos;,true,&apos;PlotMagPhase&apos;,false,&apos;AxesColor&apos;,[0 0 0],&apos;AxesTickColor&apos;,[0.686274509803922 0.686274509803922 0.686274509803922],&apos;ColorOrder&apos;,[0.0745098039215686 0.623529411764706 1;1 0.411764705882353 0.16078431372549;1 1 0.0666666666666667;0.717647058823529 0.274509803921569 1;0.392156862745098 0.831372549019608 0.0745098039215686;0.0588235294117647 1 1;1 0.0745098039215686 0.650980392156863])),extmgr.Configuration(&apos;Tools&apos;,&apos;Plot Navigation&apos;,true),extmgr.Configuration(&apos;Tools&apos;,&apos;Measurements&apos;,true,&apos;Version&apos;,&apos;2020a&apos;)),&apos;Version&apos;,&apos;2020a&apos;)</P>
    <P Name="NumInputPorts">1</P>
    <P Name="Floating">off</P>
  </Block>
  <Block BlockType="Reference" Name="Sensor Gain&#xA;Fault Generator" SID="43006">
    <P Name="Ports">[2, 1]</P>
    <P Name="Position">[65, 37, 130, 108]</P>
    <P Name="ZOrder">100000</P>
    <P Name="HideAutomaticName">off</P>
    <P Name="LibraryVersion">1.46</P>
    <P Name="SourceBlock">PhdLibrary/Sensor Gain
Fault Generator</P>
    <P Name="SourceType">Sensor gain fault generator</P>
    <P Name="SourceProductName">Phd Diego</P>
    <InstanceData>
      <P Name="RTWMemSecFuncInitTerm">Inherit from model</P>
      <P Name="RTWMemSecFuncExecute">Inherit from model</P>
      <P Name="RTWMemSecDataConstants">Inherit from model</P>
      <P Name="RTWMemSecDataInternal">Inherit from model</P>
      <P Name="RTWMemSecDataParameters">Inherit from model</P>
      <P Name="ContentPreviewEnabled">on</P>
      <P Name="s1gain">iLGainFaultFactor</P>
      <P Name="s2gain">VcGainFaultFactor</P>
    </InstanceData>
  </Block>
  <Block BlockType="Reference" Name="Sensor Gain&#xA;Fault Generator2" SID="43036">
    <P Name="Ports">[2, 1]</P>
    <P Name="Position">[10, 317, 75, 388]</P>
    <P Name="ZOrder">100000</P>
    <P Name="HideAutomaticName">off</P>
    <P Name="LibraryVersion">1.46</P>
    <P Name="SourceBlock">PhdLibrary/Sensor Gain
Fault Generator</P>
    <P Name="SourceType">Sensor gain fault generator</P>
    <P Name="SourceProductName">Phd Diego</P>
    <InstanceData>
      <P Name="RTWMemSecFuncInitTerm">Inherit from model</P>
      <P Name="RTWMemSecFuncExecute">Inherit from model</P>
      <P Name="RTWMemSecDataConstants">Inherit from model</P>
      <P Name="RTWMemSecDataInternal">Inherit from model</P>
      <P Name="RTWMemSecDataParameters">Inherit from model</P>
      <P Name="ContentPreviewEnabled">on</P>
      <P Name="s1gain">iLGainFaultFactor</P>
      <P Name="s2gain">VcGainFaultFactor</P>
    </InstanceData>
  </Block>
  <Block BlockType="Sum" Name="Sum" SID="43153">
    <P Name="Ports">[2, 1]</P>
    <P Name="Position">[760, -40, 780, -20]</P>
    <P Name="ZOrder">100000</P>
    <P Name="Inputs">|+-</P>
  </Block>
  <Block BlockType="Terminator" Name="Terminator" SID="43032">
    <P Name="Position">[505, 30, 525, 50]</P>
    <P Name="ZOrder">100000</P>
  </Block>
  <Block BlockType="Terminator" Name="Terminator1" SID="43033">
    <P Name="Position">[480, 190, 500, 210]</P>
    <P Name="ZOrder">100000</P>
  </Block>
  <Block BlockType="Step" Name="VcFault" SID="43023">
    <P Name="Position">[-155, 230, -120, 260]</P>
    <P Name="ZOrder">100000</P>
    <P Name="Time">VcFaultTime</P>
    <P Name="After">2</P>
    <P Name="SampleTime">0</P>
  </Block>
  <Block BlockType="Step" Name="iLFault" SID="43020">
    <P Name="Position">[-165, -35, -135, -5]</P>
    <P Name="ZOrder">100000</P>
    <P Name="Time">iLFaultTime</P>
    <P Name="SampleTime">0</P>
  </Block>
  <Block BlockType="Outport" Name="y_fault" SID="43017">
    <P Name="Position">[660, 73, 690, 87]</P>
    <P Name="ZOrder">100000</P>
  </Block>
  <Block BlockType="Outport" Name="iL_fault" SID="43034">
    <P Name="Position">[515, -37, 545, -23]</P>
    <P Name="ZOrder">100000</P>
    <P Name="Port">2</P>
  </Block>
  <Block BlockType="Outport" Name="vc_fault" SID="43035">
    <P Name="Position">[515, 283, 545, 297]</P>
    <P Name="ZOrder">100000</P>
    <P Name="Port">3</P>
  </Block>
  <Block BlockType="Outport" Name="f_s" SID="43315">
    <P Name="Position">[810, -37, 840, -23]</P>
    <P Name="ZOrder">100000</P>
    <P Name="Port">4</P>
  </Block>
  <Line>
    <P Name="ZOrder">1</P>
    <P Name="Src">43020#out:1</P>
    <P Name="Points">[138, 0]</P>
    <Branch>
      <P Name="ZOrder">2</P>
      <P Name="Points">[0, 110]</P>
      <P Name="Dst">43006#in:2</P>
    </Branch>
    <Branch>
      <P Name="ZOrder">3</P>
      <P Name="Dst">43008#in:2</P>
    </Branch>
  </Line>
  <Line>
    <P Name="ZOrder">4</P>
    <P Name="Src">43010#out:1</P>
    <P Name="Points">[33, 0]</P>
    <Branch>
      <P Name="ZOrder">5</P>
      <P Name="Points">[0, 46; -38, 0]</P>
      <P Name="Dst">43313#in:1</P>
    </Branch>
    <Branch>
      <P Name="ZOrder">6</P>
      <P Name="Points">[208, 0]</P>
      <Branch>
        <P Name="ZOrder">7</P>
        <P Name="Points">[0, 218]</P>
        <Branch>
          <P Name="ZOrder">8</P>
          <P Name="Points">[149, 0; 0, 22]</P>
          <P Name="Dst">43027#in:2</P>
        </Branch>
        <Branch>
          <P Name="ZOrder">9</P>
          <P Name="Points">[0, 42; 21, 0]</P>
          <Branch>
            <P Name="ZOrder">10</P>
            <P Name="Points">[0, 125]</P>
            <P Name="Dst">43036#in:1</P>
          </Branch>
          <Branch>
            <P Name="ZOrder">11</P>
            <P Name="Dst">43024#in:1</P>
          </Branch>
        </Branch>
      </Branch>
      <Branch>
        <P Name="ZOrder">12</P>
        <P Name="Points">[29, 0; 0, -5]</P>
        <Branch>
          <P Name="ZOrder">13</P>
          <P Name="Points">[0, -45; 53, 0]</P>
          <Branch>
            <P Name="ZOrder">14</P>
            <P Name="Points">[0, 155]</P>
            <P Name="Dst">43006#in:1</P>
          </Branch>
          <Branch>
            <P Name="ZOrder">15</P>
            <P Name="Dst">43022#in:2</P>
          </Branch>
        </Branch>
        <Branch>
          <P Name="ZOrder">16</P>
          <P Name="Dst">43008#in:1</P>
        </Branch>
      </Branch>
    </Branch>
  </Line>
  <Line>
    <P Name="ZOrder">17</P>
    <P Name="Src">43023#out:1</P>
    <P Name="Points">[66, 0]</P>
    <Branch>
      <P Name="ZOrder">18</P>
      <P Name="Points">[0, 125]</P>
      <P Name="Dst">43036#in:2</P>
    </Branch>
    <Branch>
      <P Name="ZOrder">19</P>
      <P Name="Dst">43024#in:2</P>
    </Branch>
  </Line>
  <Line>
    <P Name="ZOrder">20</P>
    <P Name="Src">43026#out:1</P>
    <P Name="Points">[88, 0; 0, 15]</P>
    <Branch>
      <P Name="ZOrder">21</P>
      <P Name="Points">[0, 80]</P>
      <P Name="Dst">43022#in:5</P>
    </Branch>
    <Branch>
      <P Name="ZOrder">22</P>
      <P Name="Dst">43022#in:1</P>
    </Branch>
  </Line>
  <Line>
    <P Name="ZOrder">23</P>
    <P Name="Src">43028#out:1</P>
    <P Name="Points">[63, 0; 0, 25]</P>
    <Branch>
      <P Name="ZOrder">24</P>
      <P Name="Points">[0, 80]</P>
      <P Name="Dst">43027#in:5</P>
    </Branch>
    <Branch>
      <P Name="ZOrder">25</P>
      <P Name="Dst">43027#in:1</P>
    </Branch>
  </Line>
  <Line>
    <P Name="ZOrder">26</P>
    <P Name="Src">43022#out:1</P>
    <P Name="Points">[73, 0]</P>
    <Branch>
      <P Name="ZOrder">27</P>
      <P Name="Points">[0, 110]</P>
      <P Name="Dst">43029#in:1</P>
    </Branch>
    <Branch>
      <P Name="ZOrder">28</P>
      <P Name="Points">[0, -20]</P>
      <P Name="Dst">43037#in:1</P>
    </Branch>
  </Line>
  <Line>
    <P Name="ZOrder">29</P>
    <P Name="Src">43027#out:1</P>
    <P Name="Dst">43030#in:1</P>
  </Line>
  <Line>
    <P Name="ZOrder">30</P>
    <P Name="Src">43029#out:2</P>
    <P Name="Dst">43032#in:1</P>
  </Line>
  <Line>
    <P Name="ZOrder">31</P>
    <P Name="Src">43029#out:1</P>
    <P Name="Points">[26, 0]</P>
    <Branch>
      <P Name="ZOrder">32</P>
      <P Name="Points">[0, -50]</P>
      <P Name="Dst">43034#in:1</P>
    </Branch>
    <Branch>
      <P Name="ZOrder">33</P>
      <P Name="Points">[79, 0; 0, 50]</P>
      <P Name="Dst">43031#in:1</P>
    </Branch>
  </Line>
  <Line>
    <P Name="ZOrder">34</P>
    <P Name="Src">43031#out:1</P>
    <P Name="Points">[15, 0]</P>
    <Branch>
      <P Name="ZOrder">35</P>
      <P Name="Points">[0, -53; 140, 0]</P>
      <P Name="Dst">43153#in:2</P>
    </Branch>
    <Branch>
      <P Name="ZOrder">36</P>
      <P Name="Dst">43017#in:1</P>
    </Branch>
  </Line>
  <Line>
    <P Name="ZOrder">37</P>
    <P Name="Src">43030#out:1</P>
    <P Name="Dst">43033#in:1</P>
  </Line>
  <Line>
    <P Name="ZOrder">38</P>
    <P Name="Src">43030#out:2</P>
    <P Name="Points">[2, 0]</P>
    <Branch>
      <P Name="ZOrder">39</P>
      <P Name="Points">[0, 70]</P>
      <P Name="Dst">43035#in:1</P>
    </Branch>
    <Branch>
      <P Name="ZOrder">40</P>
      <P Name="Points">[6, 0; 0, -50]</P>
      <Branch>
        <P Name="ZOrder">41</P>
        <P Name="Points">[0, -80]</P>
        <P Name="Dst">43031#in:2</P>
      </Branch>
      <Branch>
        <P Name="ZOrder">42</P>
        <P Name="Dst">43038#in:1</P>
      </Branch>
    </Branch>
  </Line>
  <Line>
    <P Name="ZOrder">43</P>
    <P Name="Src">43008#out:1</P>
    <P Name="Points">[64, 0; 0, -45]</P>
    <P Name="Dst">43022#in:3</P>
  </Line>
  <Line>
    <P Name="ZOrder">44</P>
    <P Name="Src">43006#out:1</P>
    <P Name="Points">[30, 0; 0, -135]</P>
    <P Name="Dst">43022#in:4</P>
  </Line>
  <Line>
    <P Name="ZOrder">45</P>
    <P Name="Src">43036#out:1</P>
    <P Name="Points">[107, 0; 0, -125]</P>
    <P Name="Dst">43027#in:4</P>
  </Line>
  <Line>
    <P Name="ZOrder">46</P>
    <P Name="Src">43024#out:1</P>
    <P Name="Points">[51, 0; 0, -20]</P>
    <P Name="Dst">43027#in:3</P>
  </Line>
  <Line>
    <P Name="ZOrder">47</P>
    <P Name="Src">43314#out:1</P>
    <P Name="Points">[35, 0; 0, 30]</P>
    <P Name="Dst">43153#in:1</P>
  </Line>
  <Line>
    <P Name="ZOrder">48</P>
    <P Name="Src">43153#out:1</P>
    <P Name="Dst">43315#in:1</P>
  </Line>
</System>
