<?xml version="1.0" encoding="utf-8"?>
<System>
  <P Name="Location">[1912, -98, 3464, 742]</P>
  <P Name="SetExecutionDomain">off</P>
  <P Name="ExecutionDomainType">Deduce</P>
  <P Name="ZoomFactor">175</P>
  <P Name="SimulinkSubDomain">Simulink</P>
  <Block BlockType="Constant" Name="Constant1" SID="43047">
    <P Name="Position">[205, 160, 300, 200]</P>
    <P Name="ZOrder">100000</P>
    <P Name="Value">SourceAddSwitch</P>
    <P Name="VectorParams1D">off</P>
  </Block>
  <Block BlockType="Constant" Name="Constant11" SID="41725">
    <P Name="Position">[95, 110, 125, 140]</P>
    <P Name="ZOrder">100000</P>
    <P Name="Value">u</P>
  </Block>
  <Block BlockType="Reference" Name="Source_add_switch" SID="43043">
    <P Name="Ports">[0, 1]</P>
    <P Name="Position">[5, 159, 65, 221]</P>
    <P Name="ZOrder">100000</P>
    <P Name="LibraryVersion">1.46</P>
    <P Name="SourceBlock">PhdLibrary/Step
Perturbation</P>
    <P Name="SourceType">Step Perturbation</P>
    <P Name="SourceProductName">Phd Diego</P>
    <InstanceData>
      <P Name="RTWMemSecFuncInitTerm">Inherit from model</P>
      <P Name="RTWMemSecFuncExecute">Inherit from model</P>
      <P Name="RTWMemSecDataConstants">Inherit from model</P>
      <P Name="RTWMemSecDataInternal">Inherit from model</P>
      <P Name="RTWMemSecDataParameters">Inherit from model</P>
      <P Name="ContentPreviewEnabled">on</P>
      <P Name="SignalSwitch">SourceAddSignalSwitch</P>
      <P Name="InitialMagnitude">0</P>
      <P Name="InitialTime">SourceAddTime</P>
      <P Name="Magnitude">SourceAddFactor*u</P>
      <P Name="Duration">SourceAddDuration</P>
      <P Name="enabled">SourceAddSwitch</P>
    </InstanceData>
  </Block>
  <Block BlockType="Reference" Name="Source_remove_switch" SID="43044">
    <P Name="Ports">[0, 1]</P>
    <P Name="Position">[-20, 47, 40, 123]</P>
    <P Name="ZOrder">100000</P>
    <P Name="LibraryVersion">1.46</P>
    <P Name="SourceBlock">PhdLibrary/Step
Perturbation</P>
    <P Name="SourceType">Step Perturbation</P>
    <P Name="SourceProductName">Phd Diego</P>
    <InstanceData>
      <P Name="RTWMemSecFuncInitTerm">Inherit from model</P>
      <P Name="RTWMemSecFuncExecute">Inherit from model</P>
      <P Name="RTWMemSecDataConstants">Inherit from model</P>
      <P Name="RTWMemSecDataInternal">Inherit from model</P>
      <P Name="RTWMemSecDataParameters">Inherit from model</P>
      <P Name="ContentPreviewEnabled">on</P>
      <P Name="SignalSwitch">SourceRemoveSignalSwitch</P>
      <P Name="InitialMagnitude">0</P>
      <P Name="InitialTime">SourceRemoveTime</P>
      <P Name="Magnitude">-SourceRemoveFactor*u</P>
      <P Name="Duration">SourceRemoveDuration</P>
      <P Name="enabled">SourceRemoveSwitch</P>
    </InstanceData>
  </Block>
  <Block BlockType="Sum" Name="Sum" SID="43048">
    <P Name="Ports">[2, 1]</P>
    <P Name="Position">[180, 115, 200, 135]</P>
    <P Name="ZOrder">100000</P>
    <P Name="Inputs">|++</P>
  </Block>
  <Block BlockType="Sum" Name="Sum1" SID="43049">
    <P Name="Ports">[2, 1]</P>
    <P Name="Position">[195, 60, 215, 80]</P>
    <P Name="ZOrder">100000</P>
    <P Name="Inputs">|++</P>
  </Block>
  <Block BlockType="Switch" Name="Switch" SID="43046">
    <P Name="Position">[375, 100, 425, 140]</P>
    <P Name="ZOrder">100000</P>
    <P Name="Criteria">u2 &gt; Threshold</P>
    <P Name="InputSameDT">off</P>
    <P Name="SaturateOnIntegerOverflow">off</P>
  </Block>
  <Block BlockType="Outport" Name="u_var" SID="43051">
    <P Name="Position">[445, 113, 475, 127]</P>
    <P Name="ZOrder">100000</P>
  </Block>
  <Line>
    <P Name="ZOrder">1</P>
    <P Name="Src">43049#out:1</P>
    <P Name="Points">[31, 0; 0, 65]</P>
    <P Name="Dst">43046#in:3</P>
  </Line>
  <Line>
    <P Name="ZOrder">2</P>
    <P Name="Src">43048#out:1</P>
    <P Name="Points">[82, 0; 0, -20]</P>
    <P Name="Dst">43046#in:1</P>
  </Line>
  <Line>
    <P Name="ZOrder">3</P>
    <P Name="Src">41725#out:1</P>
    <P Name="Points">[35, 0]</P>
    <Branch>
      <P Name="ZOrder">4</P>
      <P Name="Points">[0, -55]</P>
      <P Name="Dst">43049#in:1</P>
    </Branch>
    <Branch>
      <P Name="ZOrder">5</P>
      <P Name="Dst">43048#in:1</P>
    </Branch>
  </Line>
  <Line>
    <P Name="ZOrder">6</P>
    <P Name="Src">43046#out:1</P>
    <P Name="Dst">43051#in:1</P>
  </Line>
  <Line>
    <P Name="ZOrder">7</P>
    <P Name="Src">43043#out:1</P>
    <P Name="Points">[120, 0]</P>
    <P Name="Dst">43048#in:2</P>
  </Line>
  <Line>
    <P Name="ZOrder">8</P>
    <P Name="Src">43044#out:1</P>
    <P Name="Points">[160, 0]</P>
    <P Name="Dst">43049#in:2</P>
  </Line>
  <Line>
    <P Name="ZOrder">9</P>
    <P Name="Src">43047#out:1</P>
    <P Name="Points">[32, 0; 0, -60]</P>
    <P Name="Dst">43046#in:2</P>
  </Line>
</System>
