<?xml version="1.0" encoding="utf-8"?>
<System>
  <P Name="Location">[-8, -8, 1928, 1048]</P>
  <P Name="SetExecutionDomain">off</P>
  <P Name="ExecutionDomainType">Deduce</P>
  <P Name="ZoomFactor">150</P>
  <P Name="SimulinkSubDomain">Simulink</P>
  <Block BlockType="Inport" Name="x_hat_iL" SID="44388">
    <P Name="Position">[500, 108, 530, 122]</P>
    <P Name="ZOrder">100000</P>
    <P Name="BlockMirror">on</P>
  </Block>
  <Block BlockType="Inport" Name="x_hat_Vc" SID="44392">
    <P Name="Position">[500, 218, 530, 232]</P>
    <P Name="ZOrder">100000</P>
    <P Name="BlockMirror">on</P>
    <P Name="Port">2</P>
  </Block>
  <Block BlockType="Reference" Name="Alarm Generator&#xA;for Permanent Faults" SID="44286">
    <P Name="Ports">[1, 2]</P>
    <P Name="Position">[200, 70, 275, 125]</P>
    <P Name="ZOrder">100000</P>
    <P Name="BlockMirror">on</P>
    <P Name="LibraryVersion">1.46</P>
    <P Name="SourceBlock">PhdLibrary/Alarm Generator
for Permanent Faults</P>
    <P Name="SourceType">Alarm generator for permanent (persistent) faults</P>
    <P Name="SourceProductName">Phd Diego</P>
    <InstanceData>
      <P Name="RTWMemSecFuncInitTerm">Inherit from model</P>
      <P Name="RTWMemSecFuncExecute">Inherit from model</P>
      <P Name="RTWMemSecDataConstants">Inherit from model</P>
      <P Name="RTWMemSecDataInternal">Inherit from model</P>
      <P Name="RTWMemSecDataParameters">Inherit from model</P>
      <P Name="ContentPreviewEnabled">on</P>
      <P Name="Jth">0</P>
      <P Name="r0">0</P>
    </InstanceData>
  </Block>
  <Block BlockType="Reference" Name="Alarm Generator&#xA;for Permanent Faults1" SID="44287">
    <P Name="Ports">[1, 2]</P>
    <P Name="Position">[205, 159, 275, 206]</P>
    <P Name="ZOrder">100000</P>
    <P Name="BlockMirror">on</P>
    <P Name="LibraryVersion">1.46</P>
    <P Name="SourceBlock">PhdLibrary/Alarm Generator
for Permanent Faults</P>
    <P Name="SourceType">Alarm generator for permanent (persistent) faults</P>
    <P Name="SourceProductName">Phd Diego</P>
    <InstanceData>
      <P Name="RTWMemSecFuncInitTerm">Inherit from model</P>
      <P Name="RTWMemSecFuncExecute">Inherit from model</P>
      <P Name="RTWMemSecDataConstants">Inherit from model</P>
      <P Name="RTWMemSecDataInternal">Inherit from model</P>
      <P Name="RTWMemSecDataParameters">Inherit from model</P>
      <P Name="ContentPreviewEnabled">on</P>
      <P Name="Jth">0</P>
      <P Name="r0">0</P>
    </InstanceData>
  </Block>
  <Block BlockType="Demux" Name="Demux" SID="44239">
    <P Name="Ports">[1, 2]</P>
    <P Name="Position">[455, 96, 460, 134]</P>
    <P Name="ZOrder">100000</P>
    <P Name="BlockMirror">on</P>
    <P Name="Outputs">2</P>
  </Block>
  <Block BlockType="Demux" Name="Demux1" SID="44241">
    <P Name="Ports">[1, 2]</P>
    <P Name="Position">[455, 206, 460, 244]</P>
    <P Name="ZOrder">100000</P>
    <P Name="BlockMirror">on</P>
    <P Name="Outputs">2</P>
  </Block>
  <Block BlockType="From" Name="From1" SID="44246">
    <P Name="Position">[280, 20, 320, 50]</P>
    <P Name="ZOrder">100000</P>
    <P Name="GotoTag">yf2</P>
  </Block>
  <Block BlockType="From" Name="From22" SID="44253">
    <P Name="Position">[305, 130, 345, 160]</P>
    <P Name="ZOrder">100000</P>
    <P Name="GotoTag">yf1</P>
  </Block>
  <Block BlockType="Sum" Name="Sum" SID="44247">
    <P Name="Ports">[2, 1]</P>
    <P Name="Position">[315, 75, 335, 95]</P>
    <P Name="ZOrder">100000</P>
    <P Name="BlockMirror">on</P>
    <P Name="Inputs">|+-</P>
  </Block>
  <Block BlockType="Sum" Name="Sum1" SID="44252">
    <P Name="Ports">[2, 1]</P>
    <P Name="Position">[325, 170, 345, 190]</P>
    <P Name="ZOrder">100000</P>
    <P Name="BlockMirror">on</P>
    <P Name="Inputs">|+-</P>
  </Block>
  <Block BlockType="Terminator" Name="Terminator1" SID="44284">
    <P Name="Position">[400, 115, 420, 135]</P>
    <P Name="ZOrder">100000</P>
    <P Name="BlockMirror">on</P>
  </Block>
  <Block BlockType="Terminator" Name="Terminator4" SID="44285">
    <P Name="Position">[420, 205, 440, 225]</P>
    <P Name="ZOrder">100000</P>
    <P Name="BlockMirror">on</P>
  </Block>
  <Block BlockType="Outport" Name="iLAlarmTrue" SID="44393">
    <P Name="Position">[115, 68, 145, 82]</P>
    <P Name="ZOrder">100000</P>
    <P Name="BlockMirror">on</P>
  </Block>
  <Block BlockType="Outport" Name="JiLR" SID="44394">
    <P Name="Position">[115, 103, 145, 117]</P>
    <P Name="ZOrder">100000</P>
    <P Name="BlockMirror">on</P>
    <P Name="Port">2</P>
  </Block>
  <Block BlockType="Outport" Name="VcAlarmTrue" SID="44395">
    <P Name="Position">[115, 163, 145, 177]</P>
    <P Name="ZOrder">100000</P>
    <P Name="BlockMirror">on</P>
    <P Name="Port">3</P>
  </Block>
  <Block BlockType="Outport" Name="JVcR" SID="44396">
    <P Name="Position">[115, 193, 145, 207]</P>
    <P Name="ZOrder">100000</P>
    <P Name="BlockMirror">on</P>
    <P Name="Port">4</P>
  </Block>
  <Line>
    <P Name="ZOrder">40</P>
    <P Name="Src">44253#out:1</P>
    <P Name="Points">[10, 0]</P>
    <P Name="Dst">44252#in:1</P>
  </Line>
  <Line>
    <P Name="ZOrder">165</P>
    <P Name="Src">44287#out:2</P>
    <P Name="Points">[-13, 0; 0, 5]</P>
    <P Name="Dst">44396#in:1</P>
  </Line>
  <Line>
    <P Name="ZOrder">15</P>
    <P Name="Src">44246#out:1</P>
    <P Name="Points">[25, 0]</P>
    <P Name="Dst">44247#in:1</P>
  </Line>
  <Line>
    <P Name="ZOrder">134</P>
    <P Name="Src">44252#out:1</P>
    <P Name="Points">[-30, 0]</P>
    <P Name="Dst">44287#in:1</P>
  </Line>
  <Line>
    <P Name="ZOrder">57</P>
    <P Name="Src">44247#out:1</P>
    <P Name="Points">[-15, 0; 0, 15]</P>
    <P Name="Dst">44286#in:1</P>
  </Line>
  <Line>
    <P Name="ZOrder">163</P>
    <P Name="Src">44286#out:2</P>
    <P Name="Dst">44394#in:1</P>
  </Line>
  <Line>
    <P Name="ZOrder">162</P>
    <P Name="Src">44286#out:1</P>
    <P Name="Points">[-12, 0; 0, -10]</P>
    <P Name="Dst">44393#in:1</P>
  </Line>
  <Line>
    <P Name="ZOrder">164</P>
    <P Name="Src">44287#out:1</P>
    <P Name="Dst">44395#in:1</P>
  </Line>
  <Line>
    <P Name="ZOrder">167</P>
    <P Name="Src">44239#out:2</P>
    <P Name="Dst">44284#in:1</P>
  </Line>
  <Line>
    <P Name="ZOrder">170</P>
    <P Name="Src">44239#out:1</P>
    <P Name="Points">[-125, 0]</P>
    <P Name="Dst">44247#in:2</P>
  </Line>
  <Line>
    <P Name="ZOrder">171</P>
    <P Name="Src">44388#out:1</P>
    <P Name="Dst">44239#in:1</P>
  </Line>
  <Line>
    <P Name="ZOrder">174</P>
    <P Name="Src">44241#out:1</P>
    <P Name="Dst">44285#in:1</P>
  </Line>
  <Line>
    <P Name="ZOrder">175</P>
    <P Name="Src">44241#out:2</P>
    <P Name="Points">[-115, 0]</P>
    <P Name="Dst">44252#in:2</P>
  </Line>
  <Line>
    <P Name="ZOrder">176</P>
    <P Name="Src">44392#out:1</P>
    <P Name="Dst">44241#in:1</P>
  </Line>
</System>
