<?xml version="1.0" encoding="utf-8"?>
<System>
  <P Name="Location">[-8, -8, 1928, 1048]</P>
  <P Name="SetExecutionDomain">off</P>
  <P Name="ExecutionDomainType">Deduce</P>
  <P Name="ZoomFactor">200</P>
  <P Name="SimulinkSubDomain">Simulink</P>
  <Block BlockType="Inport" Name="p{1}" SID="44310">
    <P Name="Position">[20, 40, 60, 80]</P>
    <P Name="ZOrder">4</P>
    <P Name="PortDimensions">2</P>
    <Mask>
      <Display IconFrame="off">e = 0.06;c1 = [120 230 180]/255;c2 = ([120 230 180]+0)/(256+128);c3 = ([120 230 180]+128)/(256+128);patch([0 1 1 0],[0 0 1 1],c1);patch([0 1 1 1-e 1-e 0+e],[0 0 1 1-e 0+e 0+e],c2);patch([0 0 1 1-e 0+e 0+e],[0 1 1 1-e 1-e 0+e],c3);plot([0 1 1 0 0],[0 0 1 1 0]);</Display>
    </Mask>
  </Block>
  <Block BlockType="SubSystem" Name="Delays 1" SID="44311">
    <P Name="Ports">[1, 1]</P>
    <P Name="Position">[100, 40, 140, 80]</P>
    <P Name="ZOrder">5</P>
    <P Name="RequestExecContextInheritance">off</P>
    <P Name="ContentPreviewEnabled">on</P>
    <Mask>
      <Display IconFrame="off">e = 0.06;c1 = [120 150 230]/255;c2 = ([120 150 230]+0)/383;c3 = ([120 150 230]+128)/383;patch([0 1 1 0],[0 0 1 1],c1);patch([0 1 1 1-e 1-e 0+e],[0 0 1 1-e 0+e 0+e],c2);patch([0 0 1 1-e 0+e 0+e],[0 1 1 1-e 1-e 0+e],c3);plot([0 1 1 0 0],[0 0 1 1 0]);disp(&apos;0&apos;);</Display>
    </Mask>
    <System Ref="system_44311"/>
  </Block>
  <Block BlockType="SubSystem" Name="IW{1,1}" SID="44315">
    <P Name="Ports">[1, 1]</P>
    <P Name="Position">[180, 40, 220, 80]</P>
    <P Name="ZOrder">6</P>
    <P Name="RequestExecContextInheritance">off</P>
    <P Name="ContentPreviewEnabled">on</P>
    <Mask>
      <Display IconFrame="off">e = 0.06;c1 = [120 150 230]/255;c2 = ([120 150 230]+0)/383;c3 = ([120 150 230]+128)/383;patch([0 1 1 0],[0 0 1 1],c1);patch([0 1 1 1-e 1-e 0+e],[0 0 1 1-e 0+e 0+e],c2);patch([0 0 1 1-e 0+e 0+e],[0 1 1 1-e 1-e 0+e],c3);plot([0 1 1 0 0],[0 0 1 1 0]);disp(&apos;W&apos;);</Display>
    </Mask>
    <System Ref="system_44315"/>
  </Block>
  <Block BlockType="Constant" Name="b{1}" SID="44327">
    <P Name="Position">[180, 100, 220, 140]</P>
    <P Name="ZOrder">7</P>
    <P Name="Value">[1.22077261248049051545194743084721267223358154296875;-0.1998329780659983956336844812540221028029918670654296875;-7.21506241785457103077305873739533126354217529296875;14.0631283131668478603160110651515424251556396484375]</P>
    <Mask>
      <Display IconFrame="off">e = 0.06;c1 = [120 150 230]/255;c2 = ([120 150 230]+0)/383;c3 = ([120 150 230]+128)/383;patch([0 1 1 0],[0 0 1 1],c1);patch([0 1 1 1-e 1-e 0+e],[0 0 1 1-e 0+e 0+e],c2);patch([0 0 1 1-e 0+e 0+e],[0 1 1 1-e 1-e 0+e],c3);plot([0 1 1 0 0],[0 0 1 1 0]);disp(&apos;b&apos;);</Display>
    </Mask>
  </Block>
  <Block BlockType="Sum" Name="netsum" SID="44328">
    <P Name="Ports">[2, 1]</P>
    <P Name="Position">[260, 70, 300, 110]</P>
    <P Name="ZOrder">3</P>
    <P Name="IconShape">rectangular</P>
    <P Name="Inputs">2</P>
    <P Name="InputSameDT">on</P>
    <P Name="OutDataTypeStr">Inherit: Same as first input</P>
    <P Name="SaturateOnIntegerOverflow">on</P>
    <Mask>
      <Display IconFrame="off">e = 0.06;c1 = [120 150 230]/255;c2 = ([120 150 230]+0)/383;c3 = ([120 150 230]+128)/383;patch([0 1 1 0],[0 0 1 1],c1);patch([0 1 1 1-e 1-e 0+e],[0 0 1 1-e 0+e 0+e],c2);patch([0 0 1 1-e 0+e 0+e],[0 1 1 1-e 1-e 0+e],c3);plot([0 1 1 0 0],[0 0 1 1 0]);disp(&apos;+&apos;);</Display>
    </Mask>
  </Block>
  <Block BlockType="Reference" Name="tansig" SID="44329">
    <P Name="Ports">[1, 1]</P>
    <P Name="Position">[340, 70, 380, 110]</P>
    <P Name="ZOrder">2</P>
    <P Name="LibraryVersion">1.100</P>
    <P Name="SourceBlock">neural/Transfer Functions/tansig</P>
    <P Name="SourceType">TANSIG</P>
    <P Name="SourceProductBaseCode">NN</P>
    <InstanceData>
      <P Name="RTWMemSecFuncInitTerm">Inherit from model</P>
      <P Name="RTWMemSecFuncExecute">Inherit from model</P>
      <P Name="RTWMemSecDataConstants">Inherit from model</P>
      <P Name="RTWMemSecDataInternal">Inherit from model</P>
      <P Name="RTWMemSecDataParameters">Inherit from model</P>
      <P Name="ContentPreviewEnabled">off</P>
    </InstanceData>
  </Block>
  <Block BlockType="Outport" Name="a{1}" SID="44330">
    <P Name="Position">[420, 70, 460, 110]</P>
    <P Name="ZOrder">1</P>
    <P Name="InitialOutput">[0;0;0;0]</P>
    <Mask>
      <Display IconFrame="off">e = 0.06;c1 = [120 230 180]/255;c2 = ([120 230 180]+0)/(256+128);c3 = ([120 230 180]+128)/(256+128);patch([0 1 1 0],[0 0 1 1],c1);patch([0 1 1 1-e 1-e 0+e],[0 0 1 1-e 0+e 0+e],c2);patch([0 0 1 1-e 0+e 0+e],[0 1 1 1-e 1-e 0+e],c3);plot([0 1 1 0 0],[0 0 1 1 0]);</Display>
    </Mask>
  </Block>
  <Line>
    <P Name="ZOrder">1</P>
    <P Name="Src">44310#out:1</P>
    <P Name="Dst">44311#in:1</P>
  </Line>
  <Line>
    <P Name="ZOrder">2</P>
    <P Name="Src">44311#out:1</P>
    <P Name="Dst">44315#in:1</P>
  </Line>
  <Line>
    <P Name="ZOrder">3</P>
    <P Name="Src">44315#out:1</P>
    <P Name="Dst">44328#in:1</P>
  </Line>
  <Line>
    <P Name="ZOrder">4</P>
    <P Name="Src">44327#out:1</P>
    <P Name="Dst">44328#in:2</P>
  </Line>
  <Line>
    <P Name="ZOrder">5</P>
    <P Name="Src">44328#out:1</P>
    <P Name="Dst">44329#in:1</P>
  </Line>
  <Line>
    <P Name="ZOrder">6</P>
    <P Name="Src">44329#out:1</P>
    <P Name="Dst">44330#in:1</P>
  </Line>
</System>
