<?xml version="1.0" encoding="utf-8"?>
<System>
  <P Name="Location">[-8, -8, 1928, 1048]</P>
  <P Name="SetExecutionDomain">off</P>
  <P Name="ExecutionDomainType">Deduce</P>
  <P Name="ZoomFactor">175</P>
  <P Name="SimulinkSubDomain">Simulink</P>
  <Block BlockType="Inport" Name="S" SID="44420">
    <P Name="Position">[60, 28, 90, 42]</P>
    <P Name="ZOrder">100000</P>
  </Block>
  <Block BlockType="Constant" Name="    2" SID="44421">
    <P Name="Position">[85, 89, 135, 121]</P>
    <P Name="ZOrder">100000</P>
    <P Name="ShowName">off</P>
    <P Name="FontName">Arial</P>
    <P Name="FontSize">14</P>
    <P Name="Value">Smep</P>
  </Block>
  <Block BlockType="Abs" Name="Abs" SID="44422">
    <P Name="Position">[240, 20, 270, 50]</P>
    <P Name="ZOrder">100000</P>
    <P Name="SaturateOnIntegerOverflow">off</P>
  </Block>
  <Block BlockType="From" Name="From" SID="44423">
    <P Name="Position">[435, 210, 475, 240]</P>
    <P Name="ZOrder">100000</P>
    <P Name="GotoTag">ep</P>
  </Block>
  <Block BlockType="From" Name="From1" SID="44424">
    <P Name="Position">[435, 165, 475, 195]</P>
    <P Name="ZOrder">100000</P>
    <P Name="GotoTag">S</P>
  </Block>
  <Block BlockType="Goto" Name="Goto" SID="44425">
    <P Name="Position">[220, -40, 260, -10]</P>
    <P Name="ZOrder">100000</P>
    <P Name="GotoTag">S</P>
  </Block>
  <Block BlockType="Goto" Name="Goto1" SID="44426">
    <P Name="Position">[235, 125, 275, 155]</P>
    <P Name="ZOrder">100000</P>
    <P Name="GotoTag">ep</P>
  </Block>
  <Block BlockType="RelationalOperator" Name="GreaterThan" SID="44427">
    <P Name="Ports">[2, 1]</P>
    <P Name="Position">[300, 27, 330, 58]</P>
    <P Name="ZOrder">100000</P>
    <P Name="Operator">&gt;</P>
    <P Name="InputSameDT">off</P>
    <P Name="OutDataTypeStr">boolean</P>
    <P Name="RndMeth">Simplest</P>
  </Block>
  <Block BlockType="If" Name="If" SID="44428">
    <P Name="Ports">[1, 2]</P>
    <P Name="Position">[395, 26, 495, 64]</P>
    <P Name="ZOrder">100000</P>
    <P Name="IfExpression">u1 ~= 0</P>
  </Block>
  <Block BlockType="SubSystem" Name="If Action&#xA;Subsystem" SID="44429">
    <P Name="Ports">[1, 1, 0, 0, 0, 0, 0, 1]</P>
    <P Name="Position">[550, 62, 620, 98]</P>
    <P Name="ZOrder">100000</P>
    <P Name="TreatAsAtomicUnit">on</P>
    <P Name="RequestExecContextInheritance">off</P>
    <P Name="ContentPreviewEnabled">on</P>
    <System Ref="system_44429"/>
  </Block>
  <Block BlockType="SubSystem" Name="If Action&#xA;Subsystem2" SID="44434">
    <P Name="Ports">[2, 1, 0, 0, 0, 0, 0, 1]</P>
    <P Name="Position">[550, 172, 620, 208]</P>
    <P Name="ZOrder">100000</P>
    <P Name="TreatAsAtomicUnit">on</P>
    <P Name="RequestExecContextInheritance">off</P>
    <P Name="ContentPreviewEnabled">on</P>
    <System Ref="system_44434"/>
  </Block>
  <Block BlockType="Merge" Name="Merge1" SID="44440">
    <P Name="Ports">[2, 1]</P>
    <P Name="Position">[715, 55, 755, 95]</P>
    <P Name="ZOrder">100000</P>
  </Block>
  <Block BlockType="Outport" Name="d" SID="44441">
    <P Name="Position">[840, 68, 870, 82]</P>
    <P Name="ZOrder">100000</P>
  </Block>
  <Line>
    <P Name="ZOrder">1</P>
    <P Name="Src">44421#out:1</P>
    <P Name="Points">[80, 0]</P>
    <Branch>
      <P Name="ZOrder">2</P>
      <P Name="Points">[65, 0]</P>
      <P Name="Dst">44427#in:2</P>
    </Branch>
    <Branch>
      <P Name="ZOrder">3</P>
      <P Name="Dst">44426#in:1</P>
    </Branch>
  </Line>
  <Line>
    <P Name="ZOrder">4</P>
    <P Name="Src">44440#out:1</P>
    <P Name="Dst">44441#in:1</P>
  </Line>
  <Line>
    <P Name="ZOrder">5</P>
    <P Name="Src">44427#out:1</P>
    <P Name="Dst">44428#in:1</P>
  </Line>
  <Line>
    <P Name="ZOrder">6</P>
    <P Name="Src">44422#out:1</P>
    <P Name="Dst">44427#in:1</P>
  </Line>
  <Line>
    <P Name="ZOrder">7</P>
    <P Name="Src">44429#out:1</P>
    <P Name="Points">[25, 0; 0, -15]</P>
    <P Name="Dst">44440#in:1</P>
  </Line>
  <Line>
    <P Name="ZOrder">8</P>
    <P Name="Src">44420#out:1</P>
    <P Name="Points">[113, 0]</P>
    <Branch>
      <P Name="ZOrder">9</P>
      <P Name="Dst">44422#in:1</P>
    </Branch>
    <Branch>
      <P Name="ZOrder">10</P>
      <P Name="Points">[0, -60]</P>
      <P Name="Dst">44425#in:1</P>
    </Branch>
  </Line>
  <Line>
    <P Name="ZOrder">11</P>
    <P Name="Src">44423#out:1</P>
    <P Name="Points">[52, 0; 0, -25]</P>
    <P Name="Dst">44434#in:2</P>
  </Line>
  <Line>
    <P Name="ZOrder">12</P>
    <P Name="Src">44428#out:1</P>
    <P Name="Points">[85, 0]</P>
    <P Name="Dst">44429#ifaction</P>
  </Line>
  <Line>
    <P Name="ZOrder">13</P>
    <P Name="Src">44428#out:2</P>
    <P Name="Points">[41, 0; 0, 80; 44, 0]</P>
    <P Name="Dst">44434#ifaction</P>
  </Line>
  <Line>
    <P Name="ZOrder">14</P>
    <P Name="Src">44424#out:1</P>
    <P Name="Points">[36, 0]</P>
    <Branch>
      <P Name="ZOrder">15</P>
      <P Name="Dst">44434#in:1</P>
    </Branch>
    <Branch>
      <P Name="ZOrder">16</P>
      <P Name="Points">[0, -100]</P>
      <P Name="Dst">44429#in:1</P>
    </Branch>
  </Line>
  <Line>
    <P Name="ZOrder">17</P>
    <P Name="Src">44434#out:1</P>
    <P Name="Points">[50, 0; 0, -105]</P>
    <P Name="Dst">44440#in:2</P>
  </Line>
</System>
