<?xml version="1.0" encoding="utf-8"?>
<System>
  <P Name="Location">[1912, -98, 3464, 742]</P>
  <P Name="SetExecutionDomain">off</P>
  <P Name="ExecutionDomainType">Deduce</P>
  <P Name="ZoomFactor">250</P>
  <P Name="SimulinkSubDomain">Simulink</P>
  <Block BlockType="Reference" Name="Load_add_switch" SID="43040">
    <P Name="Ports">[0, 1]</P>
    <P Name="Position">[20, 22, 100, 98]</P>
    <P Name="ZOrder">100000</P>
    <P Name="LibraryVersion">1.46</P>
    <P Name="SourceBlock">PhdLibrary/Step
Perturbation</P>
    <P Name="SourceType">Step Perturbation</P>
    <P Name="SourceProductName">Phd Diego</P>
    <InstanceData>
      <P Name="RTWMemSecFuncInitTerm">Inherit from model</P>
      <P Name="RTWMemSecFuncExecute">Inherit from model</P>
      <P Name="RTWMemSecDataConstants">Inherit from model</P>
      <P Name="RTWMemSecDataInternal">Inherit from model</P>
      <P Name="RTWMemSecDataParameters">Inherit from model</P>
      <P Name="ContentPreviewEnabled">on</P>
      <P Name="SignalSwitch">LoadAddSignalSwitch</P>
      <P Name="InitialMagnitude">0</P>
      <P Name="InitialTime">LoadAddTime</P>
      <P Name="Magnitude">1</P>
      <P Name="Duration">LoadAddDuration</P>
      <P Name="enabled">LoadAddSwitch</P>
    </InstanceData>
  </Block>
  <Block BlockType="Reference" Name="Load_remove_switch" SID="43042">
    <P Name="Ports">[0, 1]</P>
    <P Name="Position">[20, -98, 100, -22]</P>
    <P Name="ZOrder">100000</P>
    <P Name="LibraryVersion">1.46</P>
    <P Name="SourceBlock">PhdLibrary/Step
Perturbation</P>
    <P Name="SourceType">Step Perturbation</P>
    <P Name="SourceProductName">Phd Diego</P>
    <InstanceData>
      <P Name="RTWMemSecFuncInitTerm">Inherit from model</P>
      <P Name="RTWMemSecFuncExecute">Inherit from model</P>
      <P Name="RTWMemSecDataConstants">Inherit from model</P>
      <P Name="RTWMemSecDataInternal">Inherit from model</P>
      <P Name="RTWMemSecDataParameters">Inherit from model</P>
      <P Name="ContentPreviewEnabled">on</P>
      <P Name="SignalSwitch">LoadRemoveSignalSwitch</P>
      <P Name="InitialMagnitude">0</P>
      <P Name="InitialTime">LoadRemoveTime</P>
      <P Name="Magnitude">1</P>
      <P Name="Duration">LoadRemoveDuration</P>
      <P Name="enabled">LoadRemoveSwitch</P>
    </InstanceData>
  </Block>
  <Block BlockType="Outport" Name="Ro_remove" SID="43054">
    <P Name="Position">[170, -67, 200, -53]</P>
    <P Name="ZOrder">100000</P>
  </Block>
  <Block BlockType="Outport" Name="Ro_add" SID="43053">
    <P Name="Position">[170, 53, 200, 67]</P>
    <P Name="ZOrder">100000</P>
    <P Name="Port">2</P>
  </Block>
  <Line>
    <P Name="ZOrder">1</P>
    <P Name="Src">43042#out:1</P>
    <P Name="Dst">43054#in:1</P>
  </Line>
  <Line>
    <P Name="ZOrder">2</P>
    <P Name="Src">43040#out:1</P>
    <P Name="Dst">43053#in:1</P>
  </Line>
</System>
