<?xml version="1.0" encoding="utf-8"?>
<System>
  <P Name="Location">[-8, -8, 1928, 1048]</P>
  <P Name="SetExecutionDomain">off</P>
  <P Name="ExecutionDomainType">Deduce</P>
  <P Name="SimulinkSubDomain">Simulink</P>
  <Block BlockType="Inport" Name="In1" SID="44189">
    <P Name="Position">[75, 78, 105, 92]</P>
    <P Name="ZOrder">-1</P>
  </Block>
  <Block BlockType="ActionPort" Name="Action Port" SID="44190">
    <P Name="Position">[170, 15, 229, 43]</P>
    <P Name="ZOrder">-2</P>
    <P Name="ActionPortLabel">default:</P>
  </Block>
  <Block BlockType="Outport" Name="Out1" SID="44191">
    <P Name="Position">[325, 78, 355, 92]</P>
    <P Name="ZOrder">-3</P>
  </Block>
  <Line>
    <P Name="ZOrder">1</P>
    <P Name="Src">44189#out:1</P>
    <P Name="Dst">44191#in:1</P>
  </Line>
</System>
