<?xml version="1.0" encoding="utf-8"?>
<System>
  <P Name="Location">[30, 30, 1010, 750]</P>
  <P Name="SetExecutionDomain">off</P>
  <P Name="ExecutionDomainType">Deduce</P>
  <P Name="SimulinkSubDomain">Simulink</P>
  <Block BlockType="Inport" Name="a{1} " SID="44332">
    <P Name="Position">[20, 20, 60, 60]</P>
    <P Name="ZOrder">4</P>
    <P Name="PortDimensions">4</P>
    <Mask>
      <Display IconFrame="off">e = 0.06;c1 = [120 230 180]/255;c2 = ([120 230 180]+0)/(256+128);c3 = ([120 230 180]+128)/(256+128);patch([0 1 1 0],[0 0 1 1],c1);patch([0 1 1 1-e 1-e 0+e],[0 0 1 1-e 0+e 0+e],c2);patch([0 0 1 1-e 0+e 0+e],[0 1 1 1-e 1-e 0+e],c3);plot([0 1 1 0 0],[0 0 1 1 0]);</Display>
    </Mask>
  </Block>
  <Block BlockType="SubSystem" Name="Delays 1" SID="44333">
    <P Name="Ports">[1, 1]</P>
    <P Name="Position">[100, 40, 140, 80]</P>
    <P Name="ZOrder">5</P>
    <P Name="RequestExecContextInheritance">off</P>
    <P Name="ContentPreviewEnabled">on</P>
    <Mask>
      <Display IconFrame="off">e = 0.06;c1 = [120 150 230]/255;c2 = ([120 150 230]+0)/383;c3 = ([120 150 230]+128)/383;patch([0 1 1 0],[0 0 1 1],c1);patch([0 1 1 1-e 1-e 0+e],[0 0 1 1-e 0+e 0+e],c2);patch([0 0 1 1-e 0+e 0+e],[0 1 1 1-e 1-e 0+e],c3);plot([0 1 1 0 0],[0 0 1 1 0]);disp(&apos;0&apos;);</Display>
    </Mask>
    <System Ref="system_44333"/>
  </Block>
  <Block BlockType="SubSystem" Name="LW{2,1}" SID="44337">
    <P Name="Ports">[1, 1]</P>
    <P Name="Position">[180, 40, 220, 80]</P>
    <P Name="ZOrder">6</P>
    <P Name="RequestExecContextInheritance">off</P>
    <P Name="ContentPreviewEnabled">on</P>
    <Mask>
      <Display IconFrame="off">e = 0.06;c1 = [120 150 230]/255;c2 = ([120 150 230]+0)/383;c3 = ([120 150 230]+128)/383;patch([0 1 1 0],[0 0 1 1],c1);patch([0 1 1 1-e 1-e 0+e],[0 0 1 1-e 0+e 0+e],c2);patch([0 0 1 1-e 0+e 0+e],[0 1 1 1-e 1-e 0+e],c3);plot([0 1 1 0 0],[0 0 1 1 0]);disp(&apos;W&apos;);</Display>
    </Mask>
    <System Ref="system_44337"/>
  </Block>
  <Block BlockType="Constant" Name="b{2}" SID="44351">
    <P Name="Position">[180, 100, 220, 140]</P>
    <P Name="ZOrder">7</P>
    <P Name="Value">[-0.28327165505055251770727409166283905506134033203125;-0.418393772523750373526496559861698187887668609619140625;0.2351244550115182130323177034370019100606441497802734375;1.90710436787325487983935090596787631511688232421875;-1.3761924879736036064770132725243456661701202392578125]</P>
    <Mask>
      <Display IconFrame="off">e = 0.06;c1 = [120 150 230]/255;c2 = ([120 150 230]+0)/383;c3 = ([120 150 230]+128)/383;patch([0 1 1 0],[0 0 1 1],c1);patch([0 1 1 1-e 1-e 0+e],[0 0 1 1-e 0+e 0+e],c2);patch([0 0 1 1-e 0+e 0+e],[0 1 1 1-e 1-e 0+e],c3);plot([0 1 1 0 0],[0 0 1 1 0]);disp(&apos;b&apos;);</Display>
    </Mask>
  </Block>
  <Block BlockType="Sum" Name="netsum" SID="44352">
    <P Name="Ports">[2, 1]</P>
    <P Name="Position">[260, 70, 300, 110]</P>
    <P Name="ZOrder">3</P>
    <P Name="IconShape">rectangular</P>
    <P Name="Inputs">2</P>
    <P Name="InputSameDT">on</P>
    <P Name="OutDataTypeStr">Inherit: Same as first input</P>
    <P Name="SaturateOnIntegerOverflow">on</P>
    <Mask>
      <Display IconFrame="off">e = 0.06;c1 = [120 150 230]/255;c2 = ([120 150 230]+0)/383;c3 = ([120 150 230]+128)/383;patch([0 1 1 0],[0 0 1 1],c1);patch([0 1 1 1-e 1-e 0+e],[0 0 1 1-e 0+e 0+e],c2);patch([0 0 1 1-e 0+e 0+e],[0 1 1 1-e 1-e 0+e],c3);plot([0 1 1 0 0],[0 0 1 1 0]);disp(&apos;+&apos;);</Display>
    </Mask>
  </Block>
  <Block BlockType="Reference" Name="softmax" SID="44353">
    <P Name="Ports">[1, 1]</P>
    <P Name="Position">[340, 70, 380, 110]</P>
    <P Name="ZOrder">2</P>
    <P Name="LibraryVersion">1.100</P>
    <P Name="SourceBlock">neural/Transfer Functions/softmax</P>
    <P Name="SourceType">SOFTMAX</P>
    <P Name="SourceProductBaseCode">NN</P>
    <InstanceData>
      <P Name="RTWMemSecFuncInitTerm">Inherit from model</P>
      <P Name="RTWMemSecFuncExecute">Inherit from model</P>
      <P Name="RTWMemSecDataConstants">Inherit from model</P>
      <P Name="RTWMemSecDataInternal">Inherit from model</P>
      <P Name="RTWMemSecDataParameters">Inherit from model</P>
      <P Name="ContentPreviewEnabled">off</P>
    </InstanceData>
  </Block>
  <Block BlockType="Outport" Name="a{2}" SID="44354">
    <P Name="Position">[420, 70, 460, 110]</P>
    <P Name="ZOrder">1</P>
    <P Name="InitialOutput">[0;0;0;0;0]</P>
    <Mask>
      <Display IconFrame="off">e = 0.06;c1 = [120 230 180]/255;c2 = ([120 230 180]+0)/(256+128);c3 = ([120 230 180]+128)/(256+128);patch([0 1 1 0],[0 0 1 1],c1);patch([0 1 1 1-e 1-e 0+e],[0 0 1 1-e 0+e 0+e],c2);patch([0 0 1 1-e 0+e 0+e],[0 1 1 1-e 1-e 0+e],c3);plot([0 1 1 0 0],[0 0 1 1 0]);</Display>
    </Mask>
  </Block>
  <Line>
    <P Name="ZOrder">1</P>
    <P Name="Src">44332#out:1</P>
    <P Name="Dst">44333#in:1</P>
  </Line>
  <Line>
    <P Name="ZOrder">2</P>
    <P Name="Src">44333#out:1</P>
    <P Name="Dst">44337#in:1</P>
  </Line>
  <Line>
    <P Name="ZOrder">3</P>
    <P Name="Src">44337#out:1</P>
    <P Name="Dst">44352#in:1</P>
  </Line>
  <Line>
    <P Name="ZOrder">4</P>
    <P Name="Src">44351#out:1</P>
    <P Name="Dst">44352#in:2</P>
  </Line>
  <Line>
    <P Name="ZOrder">5</P>
    <P Name="Src">44352#out:1</P>
    <P Name="Dst">44353#in:1</P>
  </Line>
  <Line>
    <P Name="ZOrder">6</P>
    <P Name="Src">44353#out:1</P>
    <P Name="Dst">44354#in:1</P>
  </Line>
</System>
