<?xml version="1.0" encoding="utf-8"?>
<System>
  <P Name="Location">[-8, -8, 1928, 1048]</P>
  <P Name="SetExecutionDomain">off</P>
  <P Name="ExecutionDomainType">Deduce</P>
  <P Name="ZoomFactor">250</P>
  <P Name="SimulinkSubDomain">Simulink</P>
  <Block BlockType="Inport" Name="S" SID="44435">
    <P Name="Position">[30, 18, 60, 32]</P>
    <P Name="ZOrder">-1</P>
  </Block>
  <Block BlockType="Inport" Name="ep" SID="44436">
    <P Name="Position">[90, 78, 120, 92]</P>
    <P Name="ZOrder">100000</P>
    <P Name="Port">2</P>
  </Block>
  <Block BlockType="ActionPort" Name="Action Port" SID="44437">
    <P Name="Position">[150, -110, 209, -82]</P>
    <P Name="ZOrder">-2</P>
    <P Name="ActionPortLabel">else</P>
  </Block>
  <Block BlockType="Product" Name="Divide" SID="44438">
    <P Name="Ports">[2, 1]</P>
    <P Name="Position">[175, 17, 205, 48]</P>
    <P Name="ZOrder">100000</P>
    <P Name="Inputs">*/</P>
  </Block>
  <Block BlockType="Outport" Name="d" SID="44439">
    <P Name="Position">[330, -7, 360, 7]</P>
    <P Name="ZOrder">-3</P>
  </Block>
  <Line>
    <P Name="ZOrder">1</P>
    <P Name="Src">44438#out:1</P>
    <P Name="Points">[58, 0; 0, -35]</P>
    <P Name="Dst">44439#in:1</P>
  </Line>
  <Line>
    <P Name="ZOrder">2</P>
    <P Name="Src">44436#out:1</P>
    <P Name="Points">[5, 0; 0, -45]</P>
    <P Name="Dst">44438#in:2</P>
  </Line>
  <Line>
    <P Name="ZOrder">3</P>
    <P Name="Src">44435#out:1</P>
    <P Name="Dst">44438#in:1</P>
  </Line>
</System>
