<?xml version="1.0" encoding="utf-8"?>
<System>
  <P Name="Location">[-8, -8, 1928, 1048]</P>
  <P Name="Open">on</P>
  <P Name="SetExecutionDomain">off</P>
  <P Name="ExecutionDomainType">Deduce</P>
  <P Name="SimulinkSubDomain">Simulink</P>
  <Block BlockType="Inport" Name="xe" SID="44408">
    <P Name="Position">[65, -167, 95, -153]</P>
    <P Name="ZOrder">100000</P>
  </Block>
  <Block BlockType="Inport" Name="x" SID="44409">
    <P Name="Position">[65, -112, 95, -98]</P>
    <P Name="ZOrder">1273</P>
    <P Name="Port">2</P>
  </Block>
  <Block BlockType="Constant" Name="Constant" SID="44455">
    <P Name="Position">[485, 140, 515, 170]</P>
    <P Name="ZOrder">100000</P>
    <P Name="BlockMirror">on</P>
    <P Name="NameLocation">top</P>
  </Block>
  <Block BlockType="Demux" Name="Demux1" SID="44411">
    <P Name="Ports">[1, 2]</P>
    <P Name="Position">[225, -179, 230, -141]</P>
    <P Name="ZOrder">10537</P>
    <P Name="ShowName">off</P>
    <P Name="Outputs">2</P>
    <Port>
      <P Name="PortNumber">1</P>
      <P Name="Name">IL</P>
    </Port>
    <Port>
      <P Name="PortNumber">2</P>
      <P Name="Name">Vo1</P>
    </Port>
  </Block>
  <Block BlockType="Demux" Name="Demux2" SID="44412">
    <P Name="Ports">[1, 2]</P>
    <P Name="Position">[225, -124, 230, -86]</P>
    <P Name="ZOrder">10538</P>
    <P Name="ShowName">off</P>
    <P Name="Outputs">2</P>
    <Port>
      <P Name="PortNumber">2</P>
      <P Name="Name">Vo1</P>
    </Port>
  </Block>
  <Block BlockType="From" Name="From10" SID="44521">
    <P Name="Position">[510, -70, 550, -40]</P>
    <P Name="ZOrder">100000</P>
    <P Name="GotoTag">intvc</P>
  </Block>
  <Block BlockType="From" Name="From11" SID="44524">
    <P Name="Position">[625, 75, 665, 105]</P>
    <P Name="ZOrder">100000</P>
    <P Name="BlockMirror">on</P>
    <P Name="NameLocation">top</P>
    <P Name="GotoTag">errX</P>
  </Block>
  <Block BlockType="From" Name="From8" SID="44519">
    <P Name="Position">[500, -150, 540, -120]</P>
    <P Name="ZOrder">100000</P>
    <P Name="GotoTag">erriL</P>
  </Block>
  <Block BlockType="From" Name="From9" SID="44520">
    <P Name="Position">[510, -110, 550, -80]</P>
    <P Name="ZOrder">100000</P>
    <P Name="GotoTag">errVc</P>
  </Block>
  <Block BlockType="Gain" Name="Gain2" SID="44456">
    <P Name="Position">[330, 75, 360, 105]</P>
    <P Name="ZOrder">100000</P>
    <P Name="BlockMirror">on</P>
    <P Name="NameLocation">top</P>
    <P Name="Gain">0.5</P>
  </Block>
  <Block BlockType="Gain" Name="Gain7" SID="44512">
    <P Name="Position">[575, 75, 605, 105]</P>
    <P Name="ZOrder">100000</P>
    <P Name="BlockMirror">on</P>
    <P Name="NameLocation">top</P>
    <P Name="Gain">Kg</P>
    <P Name="Multiplication">Matrix(K*u)</P>
  </Block>
  <Block BlockType="Goto" Name="Goto" SID="44523">
    <P Name="Position">[635, -115, 675, -85]</P>
    <P Name="ZOrder">100000</P>
    <P Name="GotoTag">errX</P>
  </Block>
  <Block BlockType="Goto" Name="Goto6" SID="44505">
    <P Name="Position">[435, -60, 475, -30]</P>
    <P Name="ZOrder">100000</P>
    <P Name="GotoTag">intvc</P>
  </Block>
  <Block BlockType="Goto" Name="Goto7" SID="44513">
    <P Name="Position">[430, -110, 470, -80]</P>
    <P Name="ZOrder">100000</P>
    <P Name="GotoTag">errVc</P>
  </Block>
  <Block BlockType="Goto" Name="Goto8" SID="44514">
    <P Name="Position">[430, -150, 470, -120]</P>
    <P Name="ZOrder">100000</P>
    <P Name="GotoTag">erriL</P>
  </Block>
  <Block BlockType="InitialCondition" Name="IC3" SID="44416">
    <P Name="Position">[140, -120, 175, -90]</P>
    <P Name="ZOrder">100000</P>
    <P Name="Value">x0</P>
  </Block>
  <Block BlockType="Integrator" Name="Integrator2" SID="44517">
    <P Name="Ports">[1, 1]</P>
    <P Name="Position">[385, -60, 415, -30]</P>
    <P Name="ZOrder">100000</P>
  </Block>
  <Block BlockType="Mux" Name="Mux1" SID="44522">
    <P Name="Ports">[3, 1]</P>
    <P Name="Position">[585, -119, 590, -81]</P>
    <P Name="ZOrder">100000</P>
    <P Name="Inputs">3</P>
    <P Name="DisplayOption">bar</P>
  </Block>
  <Block BlockType="Reference" Name="PWM" SID="44418">
    <P Name="Ports">[1, 1]</P>
    <P Name="Position">[200, 71, 250, 109]</P>
    <P Name="ZOrder">10547</P>
    <P Name="BlockMirror">on</P>
    <P Name="NameLocation">top</P>
    <P Name="LibraryVersion">1.185</P>
    <P Name="SourceBlock">powerlib_meascontrol/Pulse &amp; Signal
Generators/PWM Generator
(DC-DC)</P>
    <P Name="SourceType">PWM Generator (DC-DC)</P>
    <P Name="SourceProductBaseCode">PS</P>
    <InstanceData>
      <P Name="RTWMemSecFuncInitTerm">Inherit from model</P>
      <P Name="RTWMemSecFuncExecute">Inherit from model</P>
      <P Name="RTWMemSecDataConstants">Inherit from model</P>
      <P Name="RTWMemSecDataInternal">Inherit from model</P>
      <P Name="RTWMemSecDataParameters">Inherit from model</P>
      <P Name="ContentPreviewEnabled">off</P>
      <P Name="Fsw">Freq</P>
      <P Name="Ts">Ts</P>
    </InstanceData>
  </Block>
  <Block BlockType="SubSystem" Name="SlidingSurface" SID="44419">
    <P Name="Ports">[1, 1]</P>
    <P Name="Position">[480, 60, 520, 120]</P>
    <P Name="ZOrder">100000</P>
    <P Name="BlockMirror">on</P>
    <P Name="NameLocation">top</P>
    <P Name="RequestExecContextInheritance">off</P>
    <P Name="ContentPreviewEnabled">on</P>
    <Mask>
      <Type>Sliding mode limit layer</Type>
      <Display RunInitForIconRedraw="off"/>
      <Description>Define a limit layer for the sliding mode signal</Description>
      <MaskParameter Name="Smep" Type="edit">
        <Prompt>Limit layer value</Prompt>
        <Value>Smep</Value>
      </MaskParameter>
      <DialogControl Type="Group" Name="DescGroupVar">
        <Prompt>%&lt;MaskType&gt;</Prompt>
        <DialogControl Type="Text" Name="DescTextVar">
          <Prompt>%&lt;MaskDescription&gt;</Prompt>
        </DialogControl>
      </DialogControl>
      <DialogControl Type="Group" Name="ParametersGroupVar">
        <Prompt>Parameters</Prompt>
        <DialogControl Type="Edit" Name="Smep">
          <Prompt>Limit layer value</Prompt>
          <ControlOptions PromptLocation="left"/>
        </DialogControl>
      </DialogControl>
    </Mask>
    <System Ref="system_44419"/>
  </Block>
  <Block BlockType="Sum" Name="Sum1" SID="44454">
    <P Name="Ports">[2, 1]</P>
    <P Name="Position">[395, 80, 415, 100]</P>
    <P Name="ZOrder">100000</P>
    <P Name="BlockMirror">on</P>
    <P Name="NameLocation">top</P>
    <P Name="Inputs">|++</P>
  </Block>
  <Block BlockType="Sum" Name="Sum3" SID="44515">
    <P Name="Ports">[2, 1]</P>
    <P Name="Position">[310, -145, 330, -125]</P>
    <P Name="ZOrder">100000</P>
    <P Name="ShowName">off</P>
    <P Name="Inputs">-+|</P>
  </Block>
  <Block BlockType="Sum" Name="Sum5" SID="44444">
    <P Name="Ports">[2, 1]</P>
    <P Name="Position">[330, -105, 350, -85]</P>
    <P Name="ZOrder">10529</P>
    <P Name="ShowName">off</P>
    <P Name="Inputs">-+|</P>
  </Block>
  <Block BlockType="Outport" Name="sigma" SID="44447">
    <P Name="Position">[90, 83, 120, 97]</P>
    <P Name="ZOrder">10546</P>
    <P Name="BlockMirror">on</P>
    <P Name="NameLocation">top</P>
  </Block>
  <Block BlockType="Outport" Name="d" SID="44448">
    <P Name="Position">[298, 145, 312, 165]</P>
    <P Name="ZOrder">100000</P>
    <P Name="BlockRotation">270</P>
    <P Name="BlockMirror">on</P>
    <P Name="NameLocation">left</P>
    <P Name="Port">2</P>
  </Block>
  <Line>
    <P Name="ZOrder">1</P>
    <P Name="Src">44416#out:1</P>
    <P Name="Dst">44412#in:1</P>
  </Line>
  <Line>
    <P Name="ZOrder">2</P>
    <P Name="Src">44408#out:1</P>
    <P Name="Dst">44411#in:1</P>
  </Line>
  <Line>
    <P Name="ZOrder">13</P>
    <P Name="Src">44409#out:1</P>
    <P Name="Dst">44416#in:1</P>
  </Line>
  <Line>
    <P Name="ZOrder">29</P>
    <P Name="Src">44454#out:1</P>
    <P Name="Dst">44456#in:1</P>
  </Line>
  <Line>
    <P Name="ZOrder">49</P>
    <P Name="Src">44455#out:1</P>
    <P Name="Points">[-75, 0]</P>
    <P Name="Dst">44454#in:2</P>
  </Line>
  <Line>
    <P Name="Name">Vo1</P>
    <P Name="ZOrder">252</P>
    <P Name="Labels">[0, 0]</P>
    <P Name="Src">44411#out:2</P>
    <P Name="Points">[105, 0]</P>
    <P Name="Dst">44444#in:1</P>
  </Line>
  <Line>
    <P Name="Name">Vo1</P>
    <P Name="ZOrder">253</P>
    <P Name="Labels">[0, 0]</P>
    <P Name="Src">44412#out:2</P>
    <P Name="Dst">44444#in:2</P>
  </Line>
  <Line>
    <P Name="ZOrder">254</P>
    <P Name="Src">44444#out:1</P>
    <P Name="Points">[8, 0]</P>
    <Branch>
      <P Name="ZOrder">262</P>
      <P Name="Points">[0, 50]</P>
      <P Name="Dst">44517#in:1</P>
    </Branch>
    <Branch>
      <P Name="ZOrder">261</P>
      <P Name="Dst">44513#in:1</P>
    </Branch>
  </Line>
  <Line>
    <P Name="Name">IL</P>
    <P Name="ZOrder">255</P>
    <P Name="Labels">[0, 0]</P>
    <P Name="Src">44411#out:1</P>
    <P Name="Points">[85, 0]</P>
    <P Name="Dst">44515#in:1</P>
  </Line>
  <Line>
    <P Name="ZOrder">256</P>
    <P Name="Src">44412#out:1</P>
    <P Name="Points">[33, 0; 0, -20]</P>
    <P Name="Dst">44515#in:2</P>
  </Line>
  <Line>
    <P Name="ZOrder">257</P>
    <P Name="Src">44515#out:1</P>
    <P Name="Dst">44514#in:1</P>
  </Line>
  <Line>
    <P Name="ZOrder">263</P>
    <P Name="Src">44517#out:1</P>
    <P Name="Dst">44505#in:1</P>
  </Line>
  <Line>
    <P Name="ZOrder">269</P>
    <P Name="Src">44519#out:1</P>
    <P Name="Points">[23, 0; 0, 25]</P>
    <P Name="Dst">44522#in:1</P>
  </Line>
  <Line>
    <P Name="ZOrder">270</P>
    <P Name="Src">44520#out:1</P>
    <P Name="Points">[13, 0; 0, -5]</P>
    <P Name="Dst">44522#in:2</P>
  </Line>
  <Line>
    <P Name="ZOrder">271</P>
    <P Name="Src">44521#out:1</P>
    <P Name="Points">[13, 0; 0, -35]</P>
    <P Name="Dst">44522#in:3</P>
  </Line>
  <Line>
    <P Name="ZOrder">272</P>
    <P Name="Src">44522#out:1</P>
    <P Name="Dst">44523#in:1</P>
  </Line>
  <Line>
    <P Name="ZOrder">311</P>
    <P Name="Src">44419#out:1</P>
    <P Name="Dst">44454#in:1</P>
  </Line>
  <Line>
    <P Name="ZOrder">314</P>
    <P Name="Src">44418#out:1</P>
    <P Name="Dst">44447#in:1</P>
  </Line>
  <Line>
    <P Name="ZOrder">324</P>
    <P Name="Src">44456#out:1</P>
    <P Name="Points">[-20, 0]</P>
    <Branch>
      <P Name="ZOrder">327</P>
      <P Name="Dst">44418#in:1</P>
    </Branch>
    <Branch>
      <P Name="ZOrder">326</P>
      <P Name="Dst">44448#in:1</P>
    </Branch>
  </Line>
  <Line>
    <P Name="ZOrder">330</P>
    <P Name="Src">44512#out:1</P>
    <P Name="Dst">44419#in:1</P>
  </Line>
  <Line>
    <P Name="ZOrder">331</P>
    <P Name="Src">44524#out:1</P>
    <P Name="Dst">44512#in:1</P>
  </Line>
  <Annotation SID="44452">
    <P Name="Position">[81, -10, 556, 185]</P>
    <P Name="InternalMargins">[0, 0, 0, 0]</P>
    <P Name="FixedHeight">on</P>
    <P Name="FixedWidth">on</P>
    <P Name="HorizontalAlignment">left</P>
    <P Name="VerticalAlignment">top</P>
    <P Name="ForegroundColor">[0.901961, 0.901961, 1.000000]</P>
    <P Name="BackgroundColor">[0.901961, 0.901961, 1.000000]</P>
    <P Name="DropShadow">on</P>
    <P Name="AnnotationType">area_annotation</P>
    <P Name="ZOrder">650</P>
    <P Name="FontName">Arial</P>
    <P Name="FontSize">12</P>
  </Annotation>
  <Annotation SID="44450">
    <P Name="Name">&lt;!DOCTYPE HTML PUBLIC &quot;-//W3C//DTD HTML 4.0//EN&quot; &quot;http://www.w3.org/TR/REC-html40/strict.dtd&quot;&gt;
&lt;html&gt;&lt;head&gt;&lt;meta name=&quot;qrichtext&quot; content=&quot;1&quot; /&gt;&lt;style type=&quot;text/css&quot;&gt;
p, li { white-space: pre-wrap; }
&lt;/style&gt;&lt;/head&gt;&lt;body style=&quot; font-family:&apos;Helvetica&apos;; font-size:10px; font-weight:400; font-style:normal;&quot;&gt;
&lt;p style=&quot; margin-top:0px; margin-bottom:0px; margin-left:0px; margin-right:0px; -qt-block-indent:0; text-indent:0px; line-height:100%;&quot;&gt;&lt;span style=&quot; font-size:28px;&quot;&gt;Sinal de controle&lt;/span&gt;&lt;/p&gt;
&lt;p style=&quot;-qt-paragraph-type:empty; margin-top:0px; margin-bottom:0px; margin-left:0px; margin-right:0px; -qt-block-indent:0; text-indent:0px; line-height:100%; font-size:28px;&quot;&gt;&lt;br /&gt;&lt;/p&gt;
&lt;p style=&quot;-qt-paragraph-type:empty; margin-top:0px; margin-bottom:0px; margin-left:0px; margin-right:0px; -qt-block-indent:0; text-indent:0px; line-height:100%; font-size:28px; color:#ffff00;&quot;&gt;&lt;br /&gt;&lt;/p&gt;
&lt;p style=&quot;-qt-paragraph-type:empty; margin-top:0px; margin-bottom:0px; margin-left:0px; margin-right:0px; -qt-block-indent:0; text-indent:0px; line-height:100%;&quot;&gt;&lt;br /&gt;&lt;/p&gt;&lt;/body&gt;&lt;/html&gt;</P>
    <P Name="Position">[227, 0, 440, 34]</P>
    <P Name="InternalMargins">[0, 0, 0, 0]</P>
    <P Name="FixedHeight">on</P>
    <P Name="FixedWidth">on</P>
    <P Name="HorizontalAlignment">left</P>
    <P Name="VerticalAlignment">top</P>
    <P Name="Interpreter">rich</P>
    <P Name="ZOrder">-3</P>
  </Annotation>
</System>
