<?xml version="1.0" encoding="utf-8"?>
<System>
  <P Name="Location">[30, 30, 1010, 750]</P>
  <P Name="SetExecutionDomain">off</P>
  <P Name="ExecutionDomainType">Deduce</P>
  <P Name="SimulinkSubDomain">Simulink</P>
  <Block BlockType="Inport" Name="ad{2,1}" SID="44338">
    <P Name="Position">[40, 180, 60, 200]</P>
    <P Name="ZOrder">1</P>
    <P Name="PortDimensions">4</P>
    <Mask>
      <Display IconFrame="off">e = 0.06;c1 = [120 230 180]/255;c2 = ([120 230 180]+0)/(256+128);c3 = ([120 230 180]+128)/(256+128);patch([0 1 1 0],[0 0 1 1],c1);patch([0 1 1 1-e 1-e 0+e],[0 0 1 1-e 0+e 0+e],c2);patch([0 0 1 1-e 0+e 0+e],[0 1 1 1-e 1-e 0+e],c3);plot([0 1 1 0 0],[0 0 1 1 0]);</Display>
    </Mask>
  </Block>
  <Block BlockType="Constant" Name="IW{2,1}(1,:)&apos;" SID="44339">
    <P Name="Position">[140, 40, 180, 60]</P>
    <P Name="ZOrder">3</P>
    <P Name="Value">[-0.758816881398248543888485073694027960300445556640625;0.424417754570571237326959135316428728401660919189453125;11.5760018766566670223028268082998692989349365234375;-17.16434413888124055347361718304455280303955078125]</P>
    <Mask>
      <Display IconFrame="off">e = 0.06;c1 = [120 150 230]/255;c2 = ([120 150 230]+0)/383;c3 = ([120 150 230]+128)/383;patch([0 1 1 0],[0 0 1 1],c1);patch([0 1 1 1-e 1-e 0+e],[0 0 1 1-e 0+e 0+e],c2);patch([0 0 1 1-e 0+e 0+e],[0 1 1 1-e 1-e 0+e],c3);plot([0 1 1 0 0],[0 0 1 1 0]);disp(&apos;weights&apos;);</Display>
    </Mask>
  </Block>
  <Block BlockType="Constant" Name="IW{2,1}(2,:)&apos;" SID="44340">
    <P Name="Position">[140, 100, 180, 120]</P>
    <P Name="ZOrder">5</P>
    <P Name="Value">[-9.1085813763225740302686972427181899547576904296875;-1.3739740339236121702271020694752223789691925048828125;1.9043977411439707569940082976245321333408355712890625;2.754022797874950523322468143305741250514984130859375]</P>
    <Mask>
      <Display IconFrame="off">e = 0.06;c1 = [120 150 230]/255;c2 = ([120 150 230]+0)/383;c3 = ([120 150 230]+128)/383;patch([0 1 1 0],[0 0 1 1],c1);patch([0 1 1 1-e 1-e 0+e],[0 0 1 1-e 0+e 0+e],c2);patch([0 0 1 1-e 0+e 0+e],[0 1 1 1-e 1-e 0+e],c3);plot([0 1 1 0 0],[0 0 1 1 0]);disp(&apos;weights&apos;);</Display>
    </Mask>
  </Block>
  <Block BlockType="Constant" Name="IW{2,1}(3,:)&apos;" SID="44341">
    <P Name="Position">[140, 160, 180, 180]</P>
    <P Name="ZOrder">7</P>
    <P Name="Value">[-7.41263022830842732702194552985019981861114501953125;-0.8067853430527545111061726856860332190990447998046875;-3.06564437953813495596477878279983997344970703125;4.64642738772163266247616775217466056346893310546875]</P>
    <Mask>
      <Display IconFrame="off">e = 0.06;c1 = [120 150 230]/255;c2 = ([120 150 230]+0)/383;c3 = ([120 150 230]+128)/383;patch([0 1 1 0],[0 0 1 1],c1);patch([0 1 1 1-e 1-e 0+e],[0 0 1 1-e 0+e 0+e],c2);patch([0 0 1 1-e 0+e 0+e],[0 1 1 1-e 1-e 0+e],c3);plot([0 1 1 0 0],[0 0 1 1 0]);disp(&apos;weights&apos;);</Display>
    </Mask>
  </Block>
  <Block BlockType="Constant" Name="IW{2,1}(4,:)&apos;" SID="44342">
    <P Name="Position">[140, 220, 180, 240]</P>
    <P Name="ZOrder">9</P>
    <P Name="Value">[8.2671583198201261666326900012791156768798828125;-2.5154465447472507122483875718899071216583251953125;0.7215212623575222306016030415776185691356658935546875;2.56187604141184888106863581924699246883392333984375]</P>
    <Mask>
      <Display IconFrame="off">e = 0.06;c1 = [120 150 230]/255;c2 = ([120 150 230]+0)/383;c3 = ([120 150 230]+128)/383;patch([0 1 1 0],[0 0 1 1],c1);patch([0 1 1 1-e 1-e 0+e],[0 0 1 1-e 0+e 0+e],c2);patch([0 0 1 1-e 0+e 0+e],[0 1 1 1-e 1-e 0+e],c3);plot([0 1 1 0 0],[0 0 1 1 0]);disp(&apos;weights&apos;);</Display>
    </Mask>
  </Block>
  <Block BlockType="Constant" Name="IW{2,1}(5,:)&apos;" SID="44343">
    <P Name="Position">[140, 280, 180, 300]</P>
    <P Name="ZOrder">11</P>
    <P Name="Value">[8.994520026627821351894453982822597026824951171875;0.6440166326554896958356266623013652861118316650390625;-9.832586217086056734615340246818959712982177734375;5.74314665310695460220813401974737644195556640625]</P>
    <Mask>
      <Display IconFrame="off">e = 0.06;c1 = [120 150 230]/255;c2 = ([120 150 230]+0)/383;c3 = ([120 150 230]+128)/383;patch([0 1 1 0],[0 0 1 1],c1);patch([0 1 1 1-e 1-e 0+e],[0 0 1 1-e 0+e 0+e],c2);patch([0 0 1 1-e 0+e 0+e],[0 1 1 1-e 1-e 0+e],c3);plot([0 1 1 0 0],[0 0 1 1 0]);disp(&apos;weights&apos;);</Display>
    </Mask>
  </Block>
  <Block BlockType="Mux" Name="Mux" SID="44344">
    <P Name="Ports">[5, 1]</P>
    <P Name="Position">[340, 180, 380, 200]</P>
    <P Name="ZOrder">12</P>
    <P Name="Inputs">5</P>
    <Mask>
      <Display IconFrame="off">e = 0.06;c1 = [120 150 230]/255;c2 = ([120 150 230]+0)/383;c3 = ([120 150 230]+128)/383;patch([0 1 1 0],[0 0 1 1],c1);patch([0 1 1 1-e 1-e 0+e],[0 0 1 1-e 0+e 0+e],c2);patch([0 0 1 1-e 0+e 0+e],[0 1 1 1-e 1-e 0+e],c3);plot([0 1 1 0 0],[0 0 1 1 0]);disp(&apos;Mux&apos;);</Display>
    </Mask>
  </Block>
  <Block BlockType="Reference" Name="dotprod1" SID="44345">
    <P Name="Ports">[2, 1]</P>
    <P Name="Position">[240, 40, 260, 80]</P>
    <P Name="ZOrder">2</P>
    <P Name="LibraryVersion">1.100</P>
    <P Name="SourceBlock">neural/Weight Functions/dotprod</P>
    <P Name="SourceType">DOTPROD</P>
    <P Name="SourceProductBaseCode">NN</P>
    <InstanceData>
      <P Name="RTWMemSecFuncInitTerm">Inherit from model</P>
      <P Name="RTWMemSecFuncExecute">Inherit from model</P>
      <P Name="RTWMemSecDataConstants">Inherit from model</P>
      <P Name="RTWMemSecDataInternal">Inherit from model</P>
      <P Name="RTWMemSecDataParameters">Inherit from model</P>
      <P Name="ContentPreviewEnabled">off</P>
    </InstanceData>
  </Block>
  <Block BlockType="Reference" Name="dotprod2" SID="44346">
    <P Name="Ports">[2, 1]</P>
    <P Name="Position">[240, 100, 260, 140]</P>
    <P Name="ZOrder">4</P>
    <P Name="LibraryVersion">1.100</P>
    <P Name="SourceBlock">neural/Weight Functions/dotprod</P>
    <P Name="SourceType">DOTPROD</P>
    <P Name="SourceProductBaseCode">NN</P>
    <InstanceData>
      <P Name="RTWMemSecFuncInitTerm">Inherit from model</P>
      <P Name="RTWMemSecFuncExecute">Inherit from model</P>
      <P Name="RTWMemSecDataConstants">Inherit from model</P>
      <P Name="RTWMemSecDataInternal">Inherit from model</P>
      <P Name="RTWMemSecDataParameters">Inherit from model</P>
      <P Name="ContentPreviewEnabled">off</P>
    </InstanceData>
  </Block>
  <Block BlockType="Reference" Name="dotprod3" SID="44347">
    <P Name="Ports">[2, 1]</P>
    <P Name="Position">[240, 160, 260, 200]</P>
    <P Name="ZOrder">6</P>
    <P Name="LibraryVersion">1.100</P>
    <P Name="SourceBlock">neural/Weight Functions/dotprod</P>
    <P Name="SourceType">DOTPROD</P>
    <P Name="SourceProductBaseCode">NN</P>
    <InstanceData>
      <P Name="RTWMemSecFuncInitTerm">Inherit from model</P>
      <P Name="RTWMemSecFuncExecute">Inherit from model</P>
      <P Name="RTWMemSecDataConstants">Inherit from model</P>
      <P Name="RTWMemSecDataInternal">Inherit from model</P>
      <P Name="RTWMemSecDataParameters">Inherit from model</P>
      <P Name="ContentPreviewEnabled">off</P>
    </InstanceData>
  </Block>
  <Block BlockType="Reference" Name="dotprod4" SID="44348">
    <P Name="Ports">[2, 1]</P>
    <P Name="Position">[240, 220, 260, 260]</P>
    <P Name="ZOrder">8</P>
    <P Name="LibraryVersion">1.100</P>
    <P Name="SourceBlock">neural/Weight Functions/dotprod</P>
    <P Name="SourceType">DOTPROD</P>
    <P Name="SourceProductBaseCode">NN</P>
    <InstanceData>
      <P Name="RTWMemSecFuncInitTerm">Inherit from model</P>
      <P Name="RTWMemSecFuncExecute">Inherit from model</P>
      <P Name="RTWMemSecDataConstants">Inherit from model</P>
      <P Name="RTWMemSecDataInternal">Inherit from model</P>
      <P Name="RTWMemSecDataParameters">Inherit from model</P>
      <P Name="ContentPreviewEnabled">off</P>
    </InstanceData>
  </Block>
  <Block BlockType="Reference" Name="dotprod5" SID="44349">
    <P Name="Ports">[2, 1]</P>
    <P Name="Position">[240, 280, 260, 320]</P>
    <P Name="ZOrder">10</P>
    <P Name="LibraryVersion">1.100</P>
    <P Name="SourceBlock">neural/Weight Functions/dotprod</P>
    <P Name="SourceType">DOTPROD</P>
    <P Name="SourceProductBaseCode">NN</P>
    <InstanceData>
      <P Name="RTWMemSecFuncInitTerm">Inherit from model</P>
      <P Name="RTWMemSecFuncExecute">Inherit from model</P>
      <P Name="RTWMemSecDataConstants">Inherit from model</P>
      <P Name="RTWMemSecDataInternal">Inherit from model</P>
      <P Name="RTWMemSecDataParameters">Inherit from model</P>
      <P Name="ContentPreviewEnabled">off</P>
    </InstanceData>
  </Block>
  <Block BlockType="Outport" Name="lz{2,1}" SID="44350">
    <P Name="Position">[420, 180, 440, 200]</P>
    <P Name="ZOrder">13</P>
    <Mask>
      <Display IconFrame="off">e = 0.06;c1 = [120 230 180]/255;c2 = ([120 230 180]+0)/(256+128);c3 = ([120 230 180]+128)/(256+128);patch([0 1 1 0],[0 0 1 1],c1);patch([0 1 1 1-e 1-e 0+e],[0 0 1 1-e 0+e 0+e],c2);patch([0 0 1 1-e 0+e 0+e],[0 1 1 1-e 1-e 0+e],c3);plot([0 1 1 0 0],[0 0 1 1 0]);</Display>
    </Mask>
  </Block>
  <Line>
    <P Name="ZOrder">1</P>
    <P Name="Src">44339#out:1</P>
    <P Name="Dst">44345#in:1</P>
  </Line>
  <Line>
    <P Name="ZOrder">2</P>
    <P Name="Src">44338#out:1</P>
    <P Name="Points">[0, 0]</P>
    <Branch>
      <P Name="ZOrder">3</P>
      <P Name="Dst">44345#in:2</P>
    </Branch>
    <Branch>
      <P Name="ZOrder">4</P>
      <P Name="Dst">44346#in:2</P>
    </Branch>
    <Branch>
      <P Name="ZOrder">5</P>
      <P Name="Dst">44347#in:2</P>
    </Branch>
    <Branch>
      <P Name="ZOrder">6</P>
      <P Name="Dst">44348#in:2</P>
    </Branch>
    <Branch>
      <P Name="ZOrder">7</P>
      <P Name="Dst">44349#in:2</P>
    </Branch>
  </Line>
  <Line>
    <P Name="ZOrder">8</P>
    <P Name="Src">44345#out:1</P>
    <P Name="Dst">44344#in:1</P>
  </Line>
  <Line>
    <P Name="ZOrder">9</P>
    <P Name="Src">44340#out:1</P>
    <P Name="Dst">44346#in:1</P>
  </Line>
  <Line>
    <P Name="ZOrder">10</P>
    <P Name="Src">44346#out:1</P>
    <P Name="Dst">44344#in:2</P>
  </Line>
  <Line>
    <P Name="ZOrder">11</P>
    <P Name="Src">44341#out:1</P>
    <P Name="Dst">44347#in:1</P>
  </Line>
  <Line>
    <P Name="ZOrder">12</P>
    <P Name="Src">44347#out:1</P>
    <P Name="Dst">44344#in:3</P>
  </Line>
  <Line>
    <P Name="ZOrder">13</P>
    <P Name="Src">44342#out:1</P>
    <P Name="Dst">44348#in:1</P>
  </Line>
  <Line>
    <P Name="ZOrder">14</P>
    <P Name="Src">44348#out:1</P>
    <P Name="Dst">44344#in:4</P>
  </Line>
  <Line>
    <P Name="ZOrder">15</P>
    <P Name="Src">44343#out:1</P>
    <P Name="Dst">44349#in:1</P>
  </Line>
  <Line>
    <P Name="ZOrder">16</P>
    <P Name="Src">44349#out:1</P>
    <P Name="Dst">44344#in:5</P>
  </Line>
  <Line>
    <P Name="ZOrder">17</P>
    <P Name="Src">44344#out:1</P>
    <P Name="Dst">44350#in:1</P>
  </Line>
</System>
