<?xml version="1.0" encoding="utf-8"?>
<System>
  <P Name="Location">[-8, -8, 1928, 1048]</P>
  <P Name="SetExecutionDomain">off</P>
  <P Name="ExecutionDomainType">Deduce</P>
  <P Name="SimulinkSubDomain">Simulink</P>
  <Block BlockType="Inport" Name="S" SID="44430">
    <P Name="Position">[35, -7, 65, 7]</P>
    <P Name="ZOrder">-1</P>
  </Block>
  <Block BlockType="ActionPort" Name="Action Port" SID="44431">
    <P Name="Position">[150, -110, 209, -82]</P>
    <P Name="ZOrder">-2</P>
    <P Name="ActionPortLabel">if(u1 ~= 0)</P>
  </Block>
  <Block BlockType="Signum" Name="Sign" SID="44432">
    <P Name="Position">[180, -15, 210, 15]</P>
    <P Name="ZOrder">100000</P>
  </Block>
  <Block BlockType="Outport" Name="d" SID="44433">
    <P Name="Position">[330, -7, 360, 7]</P>
    <P Name="ZOrder">-3</P>
  </Block>
  <Line>
    <P Name="ZOrder">1</P>
    <P Name="Src">44432#out:1</P>
    <P Name="Dst">44433#in:1</P>
  </Line>
  <Line>
    <P Name="ZOrder">2</P>
    <P Name="Src">44430#out:1</P>
    <P Name="Dst">44432#in:1</P>
  </Line>
</System>
