<?xml version="1.0" encoding="utf-8"?>
<System>
  <P Name="Location">[-8, -8, 1928, 1048]</P>
  <P Name="SetExecutionDomain">off</P>
  <P Name="ExecutionDomainType">Deduce</P>
  <P Name="ZoomFactor">125</P>
  <P Name="SimulinkSubDomain">Simulink</P>
  <Block BlockType="Inport" Name="y" SID="44197">
    <P Name="Position">[165, 3, 195, 17]</P>
    <P Name="ZOrder">-1</P>
  </Block>
  <Block BlockType="ActionPort" Name="Action Port" SID="44198">
    <P Name="Position">[250, -115, 309, -87]</P>
    <P Name="ZOrder">-2</P>
    <P Name="ActionPortLabel">case [ 1 ]:</P>
  </Block>
  <Block BlockType="Outport" Name="x_hat" SID="44199">
    <P Name="Position">[380, 3, 410, 17]</P>
    <P Name="ZOrder">-3</P>
  </Block>
  <Line>
    <P Name="ZOrder">1</P>
    <P Name="Src">44197#out:1</P>
    <P Name="Dst">44199#in:1</P>
  </Line>
</System>
