<?xml version="1.0" encoding="utf-8"?>
<System>
  <P Name="Location">[223, 338, 826, 833]</P>
  <P Name="SetExecutionDomain">off</P>
  <P Name="ExecutionDomainType">Deduce</P>
  <P Name="SIDHighWatermark">23</P>
  <P Name="SimulinkSubDomain">Simulink</P>
  <Block BlockType="Inport" Name="u" SID="44233::1">
    <P Name="Position">[20, 101, 40, 119]</P>
    <P Name="ZOrder">-1</P>
  </Block>
  <Block BlockType="Inport" Name="iLAlarm" SID="44233::22">
    <P Name="Position">[20, 136, 40, 154]</P>
    <P Name="ZOrder">13</P>
    <P Name="Port">2</P>
  </Block>
  <Block BlockType="Inport" Name="VcAlarm" SID="44233::23">
    <P Name="Position">[20, 171, 40, 189]</P>
    <P Name="ZOrder">14</P>
    <P Name="Port">3</P>
  </Block>
  <Block BlockType="Demux" Name=" Demux " SID="44233::20">
    <P Name="Ports">[1, 1]</P>
    <P Name="Position">[270, 230, 320, 270]</P>
    <P Name="ZOrder">11</P>
    <P Name="Outputs">1</P>
  </Block>
  <Block BlockType="S-Function" Name=" SFunction " SID="44233::19">
    <P Name="Tag">Stateflow S-Function 2</P>
    <P Name="Ports">[3, 2]</P>
    <P Name="Position">[180, 100, 230, 180]</P>
    <P Name="ZOrder">10</P>
    <P Name="FunctionName">sf_sfun</P>
    <P Name="PortCounts">[3 2]</P>
    <P Name="SFunctionDeploymentMode">off</P>
    <P Name="EnableBusSupport">on</P>
    <P Name="SFcnIsStateOwnerBlock">off</P>
    <Port>
      <P Name="PortNumber">2</P>
      <P Name="Name">y</P>
    </Port>
  </Block>
  <Block BlockType="Terminator" Name=" Terminator " SID="44233::21">
    <P Name="Position">[460, 241, 480, 259]</P>
    <P Name="ZOrder">12</P>
  </Block>
  <Block BlockType="Outport" Name="y" SID="44233::5">
    <P Name="Position">[460, 101, 480, 119]</P>
    <P Name="ZOrder">-5</P>
  </Block>
  <Line>
    <P Name="ZOrder">1</P>
    <P Name="Src">44233::1#out:1</P>
    <P Name="Points">[60, 0; 0, 5]</P>
    <P Name="Dst">44233::19#in:1</P>
  </Line>
  <Line>
    <P Name="ZOrder">2</P>
    <P Name="Src">44233::22#out:1</P>
    <P Name="Points">[60, 0; 0, -5]</P>
    <P Name="Dst">44233::19#in:2</P>
  </Line>
  <Line>
    <P Name="ZOrder">3</P>
    <P Name="Src">44233::23#out:1</P>
    <P Name="Points">[68, 0; 0, -15]</P>
    <P Name="Dst">44233::19#in:3</P>
  </Line>
  <Line>
    <P Name="Name">y</P>
    <P Name="ZOrder">4</P>
    <P Name="Labels">[0, 0]</P>
    <P Name="Src">44233::19#out:2</P>
    <P Name="Points">[121, 0; 0, -50]</P>
    <P Name="Dst">44233::5#in:1</P>
  </Line>
  <Line>
    <P Name="ZOrder">5</P>
    <P Name="Src">44233::20#out:1</P>
    <P Name="Dst">44233::21#in:1</P>
  </Line>
  <Line>
    <P Name="ZOrder">6</P>
    <P Name="Src">44233::19#out:1</P>
    <P Name="Points">[16, 0; 0, 130]</P>
    <P Name="Dst">44233::20#in:1</P>
  </Line>
</System>
