<?xml version="1.0" encoding="utf-8"?>
<System>
  <P Name="Location">[-8, -8, 1928, 1048]</P>
  <P Name="SetExecutionDomain">off</P>
  <P Name="ExecutionDomainType">Deduce</P>
  <P Name="ZoomFactor">80</P>
  <P Name="SimulinkSubDomain">Simulink</P>
  <Block BlockType="Inport" Name="alarm" SID="43426">
    <P Name="Position">[-335, -52, -305, -38]</P>
    <P Name="ZOrder">100000</P>
  </Block>
  <Block BlockType="Inport" Name="x_hat_iL" SID="43427">
    <P Name="Position">[-335, 108, -305, 122]</P>
    <P Name="ZOrder">100000</P>
    <P Name="Port">2</P>
  </Block>
  <Block BlockType="Inport" Name="xe" SID="43428">
    <P Name="Position">[-340, 218, -310, 232]</P>
    <P Name="ZOrder">100000</P>
    <P Name="Port">3</P>
  </Block>
  <Block BlockType="Inport" Name="e_s_signal" SID="43429">
    <P Name="Position">[-335, 28, -305, 42]</P>
    <P Name="ZOrder">100000</P>
    <P Name="Port">4</P>
  </Block>
  <Block BlockType="Logic" Name="AND" SID="43430">
    <P Name="Ports">[2, 1]</P>
    <P Name="Position">[-12, 94, 23, 126]</P>
    <P Name="ZOrder">100000</P>
    <P Name="IconShape">distinctive</P>
    <P Name="AllPortsSameDT">off</P>
    <P Name="OutDataTypeStr">boolean</P>
  </Block>
  <Block BlockType="Logic" Name="AND1" SID="43431">
    <P Name="Ports">[2, 1]</P>
    <P Name="Position">[-102, -56, -67, -24]</P>
    <P Name="ZOrder">100000</P>
    <P Name="IconShape">distinctive</P>
    <P Name="AllPortsSameDT">off</P>
    <P Name="OutDataTypeStr">boolean</P>
  </Block>
  <Block BlockType="Constant" Name="Constant" SID="43432">
    <P Name="Position">[-330, 160, -300, 190]</P>
    <P Name="ZOrder">100000</P>
    <P Name="Value">50</P>
  </Block>
  <Block BlockType="Constant" Name="Constant7" SID="43433">
    <P Name="Position">[45, 35, 75, 65]</P>
    <P Name="ZOrder">100000</P>
    <P Name="Value">2</P>
  </Block>
  <Block BlockType="Constant" Name="Constant8" SID="43434">
    <P Name="Position">[-335, -20, -305, 10]</P>
    <P Name="ZOrder">100000</P>
  </Block>
  <Block BlockType="Delay" Name="Delay" SID="43435">
    <P Name="Ports">[1, 1]</P>
    <P Name="Position">[40, 93, 75, 127]</P>
    <P Name="ZOrder">100000</P>
    <P Name="InputPortMap">u0</P>
    <P Name="DelayLength">1</P>
  </Block>
  <Block BlockType="Demux" Name="Demux10" SID="43436">
    <P Name="Ports">[1, 2]</P>
    <P Name="Position">[-275, 206, -270, 244]</P>
    <P Name="ZOrder">100000</P>
    <P Name="Outputs">2</P>
  </Block>
  <Block BlockType="Demux" Name="Demux3" SID="43437">
    <P Name="Ports">[1, 2]</P>
    <P Name="Position">[-215, 96, -210, 134]</P>
    <P Name="ZOrder">100000</P>
    <P Name="Outputs">2</P>
  </Block>
  <Block BlockType="RelationalOperator" Name="Equal" SID="43438">
    <P Name="Ports">[2, 1]</P>
    <P Name="Position">[-215, -13, -185, 18]</P>
    <P Name="ZOrder">100000</P>
    <P Name="Operator">==</P>
    <P Name="InputSameDT">off</P>
    <P Name="OutDataTypeStr">boolean</P>
    <P Name="RndMeth">Simplest</P>
  </Block>
  <Block BlockType="From" Name="From41" SID="43439">
    <P Name="Position">[200, 137, 310, 173]</P>
    <P Name="ZOrder">100000</P>
    <P Name="BlockMirror">on</P>
    <P Name="NameLocation">top</P>
    <P Name="GotoTag">e_s_signal</P>
  </Block>
  <Block BlockType="Goto" Name="Goto" SID="43440">
    <P Name="Position">[-445, 57, -335, 93]</P>
    <P Name="ZOrder">100000</P>
    <P Name="BlockMirror">on</P>
    <P Name="GotoTag">e_s_signal</P>
  </Block>
  <Block BlockType="RelationalOperator" Name="GreaterThan" SID="43441">
    <P Name="Ports">[2, 1]</P>
    <P Name="Position">[-100, 97, -70, 128]</P>
    <P Name="ZOrder">100000</P>
    <P Name="Operator">&gt;</P>
    <P Name="InputSameDT">off</P>
    <P Name="OutDataTypeStr">boolean</P>
    <P Name="RndMeth">Simplest</P>
  </Block>
  <Block BlockType="InitialCondition" Name="IC4" SID="43442">
    <P Name="Position">[153, 180, 197, 220]</P>
    <P Name="ZOrder">100000</P>
    <P Name="BlockRotation">270</P>
    <P Name="BlockMirror">on</P>
    <P Name="NameLocation">left</P>
  </Block>
  <Block BlockType="Sum" Name="Sum" SID="43443">
    <P Name="Ports">[2, 1]</P>
    <P Name="Position">[-195, 165, -175, 185]</P>
    <P Name="ZOrder">100000</P>
    <P Name="Inputs">|++</P>
  </Block>
  <Block BlockType="Switch" Name="Switch" SID="43444">
    <P Name="Position">[165, 90, 215, 130]</P>
    <P Name="ZOrder">100000</P>
    <P Name="InputSameDT">off</P>
    <P Name="SaturateOnIntegerOverflow">off</P>
  </Block>
  <Block BlockType="Terminator" Name="Terminator" SID="43445">
    <P Name="Position">[-180, 125, -160, 145]</P>
    <P Name="ZOrder">100000</P>
  </Block>
  <Block BlockType="Terminator" Name="Terminator1" SID="43446">
    <P Name="Position">[-250, 225, -230, 245]</P>
    <P Name="ZOrder">100000</P>
  </Block>
  <Block BlockType="Outport" Name="enable" SID="43447">
    <P Name="Position">[240, 103, 270, 117]</P>
    <P Name="ZOrder">100000</P>
  </Block>
  <Line>
    <P Name="ZOrder">1</P>
    <P Name="Src">43442#out:1</P>
    <P Name="Points">[0, 19; -65, 0; 0, -119]</P>
    <P Name="Dst">43444#in:3</P>
  </Line>
  <Line>
    <P Name="ZOrder">2</P>
    <P Name="Src">43439#out:1</P>
    <P Name="Points">[-20, 0]</P>
    <P Name="Dst">43442#in:1</P>
  </Line>
  <Line>
    <P Name="ZOrder">3</P>
    <P Name="Src">43430#out:1</P>
    <P Name="Dst">43435#in:1</P>
  </Line>
  <Line>
    <P Name="ZOrder">4</P>
    <P Name="Src">43432#out:1</P>
    <P Name="Dst">43443#in:1</P>
  </Line>
  <Line>
    <P Name="ZOrder">5</P>
    <P Name="Src">43431#out:1</P>
    <P Name="Points">[23, 0; 0, 145]</P>
    <P Name="Dst">43430#in:1</P>
  </Line>
  <Line>
    <P Name="ZOrder">6</P>
    <P Name="Src">43443#out:1</P>
    <P Name="Points">[41, 0; 0, -55]</P>
    <P Name="Dst">43441#in:2</P>
  </Line>
  <Line>
    <P Name="ZOrder">7</P>
    <P Name="Src">43441#out:1</P>
    <P Name="Dst">43430#in:2</P>
  </Line>
  <Line>
    <P Name="ZOrder">8</P>
    <P Name="Src">43435#out:1</P>
    <P Name="Dst">43444#in:2</P>
  </Line>
  <Line>
    <P Name="ZOrder">9</P>
    <P Name="Src">43437#out:1</P>
    <P Name="Dst">43441#in:1</P>
  </Line>
  <Line>
    <P Name="ZOrder">10</P>
    <P Name="Src">43434#out:1</P>
    <P Name="Dst">43438#in:1</P>
  </Line>
  <Line>
    <P Name="ZOrder">11</P>
    <P Name="Src">43438#out:1</P>
    <P Name="Points">[36, 0; 0, -40]</P>
    <P Name="Dst">43431#in:2</P>
  </Line>
  <Line>
    <P Name="ZOrder">12</P>
    <P Name="Src">43436#out:1</P>
    <P Name="Points">[80, 0]</P>
    <P Name="Dst">43443#in:2</P>
  </Line>
  <Line>
    <P Name="ZOrder">13</P>
    <P Name="Src">43433#out:1</P>
    <P Name="Points">[47, 0; 0, 45]</P>
    <P Name="Dst">43444#in:1</P>
  </Line>
  <Line>
    <P Name="ZOrder">14</P>
    <P Name="Src">43436#out:2</P>
    <P Name="Dst">43446#in:1</P>
  </Line>
  <Line>
    <P Name="ZOrder">15</P>
    <P Name="Src">43427#out:1</P>
    <P Name="Dst">43437#in:1</P>
  </Line>
  <Line>
    <P Name="ZOrder">16</P>
    <P Name="Src">43437#out:2</P>
    <P Name="Points">[10, 0]</P>
    <P Name="Dst">43445#in:1</P>
  </Line>
  <Line>
    <P Name="ZOrder">17</P>
    <P Name="Src">43428#out:1</P>
    <P Name="Dst">43436#in:1</P>
  </Line>
  <Line>
    <P Name="ZOrder">18</P>
    <P Name="Src">43426#out:1</P>
    <P Name="Dst">43431#in:1</P>
  </Line>
  <Line>
    <P Name="ZOrder">19</P>
    <P Name="Src">43429#out:1</P>
    <P Name="Points">[31, 0]</P>
    <Branch>
      <P Name="ZOrder">20</P>
      <P Name="Points">[0, 40]</P>
      <P Name="Dst">43440#in:1</P>
    </Branch>
    <Branch>
      <P Name="ZOrder">21</P>
      <P Name="Points">[29, 0; 0, -25]</P>
      <P Name="Dst">43438#in:2</P>
    </Branch>
  </Line>
  <Line>
    <P Name="ZOrder">22</P>
    <P Name="Src">43444#out:1</P>
    <P Name="Dst">43447#in:1</P>
  </Line>
</System>
