<?xml version="1.0" encoding="utf-8"?>
<System>
  <P Name="Location">[-8, -8, 1928, 1048]</P>
  <P Name="SetExecutionDomain">off</P>
  <P Name="ExecutionDomainType">Deduce</P>
  <P Name="ZoomFactor">150</P>
  <P Name="SimulinkSubDomain">Simulink</P>
  <Block BlockType="Inport" Name="y" SID="43555">
    <P Name="Position">[70, 68, 100, 82]</P>
    <P Name="ZOrder">100000</P>
  </Block>
  <Block BlockType="Constant" Name="Matrizes A1" SID="43556">
    <P Name="Position">[70, 122, 140, 148]</P>
    <P Name="ZOrder">100000</P>
    <P Name="ShowName">off</P>
    <P Name="Value">Cf2</P>
    <P Name="VectorParams1D">off</P>
  </Block>
  <Block BlockType="Constant" Name="Matrizes A2" SID="43557">
    <P Name="Position">[60, 27, 130, 53]</P>
    <P Name="ZOrder">100000</P>
    <P Name="ShowName">off</P>
    <P Name="Value">Cf1</P>
    <P Name="VectorParams1D">off</P>
  </Block>
  <Block BlockType="Product" Name="Product" SID="43558">
    <P Name="Ports">[2, 1]</P>
    <P Name="Position">[250, 44, 290, 86]</P>
    <P Name="ZOrder">5083</P>
    <P Name="Multiplication">Matrix(*)</P>
  </Block>
  <Block BlockType="Product" Name="Product1" SID="43559">
    <P Name="Ports">[2, 1]</P>
    <P Name="Position">[250, 124, 290, 166]</P>
    <P Name="ZOrder">100000</P>
    <P Name="Multiplication">Matrix(*)</P>
  </Block>
  <Block BlockType="Outport" Name="y_f1" SID="43560">
    <P Name="Position">[350, 58, 380, 72]</P>
    <P Name="ZOrder">100000</P>
  </Block>
  <Block BlockType="Outport" Name="y_f2" SID="43561">
    <P Name="Position">[335, 138, 365, 152]</P>
    <P Name="ZOrder">100000</P>
    <P Name="Port">2</P>
  </Block>
  <Line>
    <P Name="ZOrder">1</P>
    <P Name="Src">43555#out:1</P>
    <P Name="Points">[79, 0]</P>
    <Branch>
      <P Name="ZOrder">2</P>
      <P Name="Points">[0, 80]</P>
      <P Name="Dst">43559#in:2</P>
    </Branch>
    <Branch>
      <P Name="ZOrder">3</P>
      <P Name="Dst">43558#in:2</P>
    </Branch>
  </Line>
  <Line>
    <P Name="ZOrder">4</P>
    <P Name="Src">43557#out:1</P>
    <P Name="Points">[55, 0; 0, 15]</P>
    <P Name="Dst">43558#in:1</P>
  </Line>
  <Line>
    <P Name="ZOrder">5</P>
    <P Name="Src">43556#out:1</P>
    <P Name="Dst">43559#in:1</P>
  </Line>
  <Line>
    <P Name="ZOrder">6</P>
    <P Name="Src">43558#out:1</P>
    <P Name="Dst">43560#in:1</P>
  </Line>
  <Line>
    <P Name="ZOrder">7</P>
    <P Name="Src">43559#out:1</P>
    <P Name="Dst">43561#in:1</P>
  </Line>
</System>
