<?xml version="1.0" encoding="utf-8"?>
<System>
  <P Name="Location">[30, 30, 1010, 750]</P>
  <P Name="SetExecutionDomain">off</P>
  <P Name="ExecutionDomainType">Deduce</P>
  <P Name="SimulinkSubDomain">Simulink</P>
  <Block BlockType="Inport" Name="pd{1,1}" SID="44316">
    <P Name="Position">[40, 150, 60, 170]</P>
    <P Name="ZOrder">1</P>
    <P Name="PortDimensions">2</P>
    <Mask>
      <Display IconFrame="off">e = 0.06;c1 = [120 230 180]/255;c2 = ([120 230 180]+0)/(256+128);c3 = ([120 230 180]+128)/(256+128);patch([0 1 1 0],[0 0 1 1],c1);patch([0 1 1 1-e 1-e 0+e],[0 0 1 1-e 0+e 0+e],c2);patch([0 0 1 1-e 0+e 0+e],[0 1 1 1-e 1-e 0+e],c3);plot([0 1 1 0 0],[0 0 1 1 0]);</Display>
    </Mask>
  </Block>
  <Block BlockType="Constant" Name="IW{1,1}(1,:)&apos;" SID="44317">
    <P Name="Position">[140, 40, 180, 60]</P>
    <P Name="ZOrder">3</P>
    <P Name="Value">[11.63643705893124291606000042520463466644287109375;-10.3200076016572115378266971674747765064239501953125]</P>
    <Mask>
      <Display IconFrame="off">e = 0.06;c1 = [120 150 230]/255;c2 = ([120 150 230]+0)/383;c3 = ([120 150 230]+128)/383;patch([0 1 1 0],[0 0 1 1],c1);patch([0 1 1 1-e 1-e 0+e],[0 0 1 1-e 0+e 0+e],c2);patch([0 0 1 1-e 0+e 0+e],[0 1 1 1-e 1-e 0+e],c3);plot([0 1 1 0 0],[0 0 1 1 0]);disp(&apos;Weights&apos;);</Display>
    </Mask>
  </Block>
  <Block BlockType="Constant" Name="IW{1,1}(2,:)&apos;" SID="44318">
    <P Name="Position">[140, 100, 180, 120]</P>
    <P Name="ZOrder">5</P>
    <P Name="Value">[1.898779783991595859760082021239213645458221435546875;1.717719332240211116413775016553699970245361328125]</P>
    <Mask>
      <Display IconFrame="off">e = 0.06;c1 = [120 150 230]/255;c2 = ([120 150 230]+0)/383;c3 = ([120 150 230]+128)/383;patch([0 1 1 0],[0 0 1 1],c1);patch([0 1 1 1-e 1-e 0+e],[0 0 1 1-e 0+e 0+e],c2);patch([0 0 1 1-e 0+e 0+e],[0 1 1 1-e 1-e 0+e],c3);plot([0 1 1 0 0],[0 0 1 1 0]);disp(&apos;Weights&apos;);</Display>
    </Mask>
  </Block>
  <Block BlockType="Constant" Name="IW{1,1}(3,:)&apos;" SID="44319">
    <P Name="Position">[140, 160, 180, 180]</P>
    <P Name="ZOrder">7</P>
    <P Name="Value">[-5.7608601368840606227195166866295039653778076171875;-2.236336405391225579109004684141837060451507568359375]</P>
    <Mask>
      <Display IconFrame="off">e = 0.06;c1 = [120 150 230]/255;c2 = ([120 150 230]+0)/383;c3 = ([120 150 230]+128)/383;patch([0 1 1 0],[0 0 1 1],c1);patch([0 1 1 1-e 1-e 0+e],[0 0 1 1-e 0+e 0+e],c2);patch([0 0 1 1-e 0+e 0+e],[0 1 1 1-e 1-e 0+e],c3);plot([0 1 1 0 0],[0 0 1 1 0]);disp(&apos;Weights&apos;);</Display>
    </Mask>
  </Block>
  <Block BlockType="Constant" Name="IW{1,1}(4,:)&apos;" SID="44320">
    <P Name="Position">[140, 220, 180, 240]</P>
    <P Name="ZOrder">9</P>
    <P Name="Value">[5.18824041979811934055533129139803349971771240234375;9.184501415403925506097948527894914150238037109375]</P>
    <Mask>
      <Display IconFrame="off">e = 0.06;c1 = [120 150 230]/255;c2 = ([120 150 230]+0)/383;c3 = ([120 150 230]+128)/383;patch([0 1 1 0],[0 0 1 1],c1);patch([0 1 1 1-e 1-e 0+e],[0 0 1 1-e 0+e 0+e],c2);patch([0 0 1 1-e 0+e 0+e],[0 1 1 1-e 1-e 0+e],c3);plot([0 1 1 0 0],[0 0 1 1 0]);disp(&apos;Weights&apos;);</Display>
    </Mask>
  </Block>
  <Block BlockType="Mux" Name="Mux" SID="44321">
    <P Name="Ports">[4, 1]</P>
    <P Name="Position">[340, 152, 380, 173]</P>
    <P Name="ZOrder">10</P>
    <Mask>
      <Display IconFrame="off">e = 0.06;c1 = [120 150 230]/255;c2 = ([120 150 230]+0)/383;c3 = ([120 150 230]+128)/383;patch([0 1 1 0],[0 0 1 1],c1);patch([0 1 1 1-e 1-e 0+e],[0 0 1 1-e 0+e 0+e],c2);patch([0 0 1 1-e 0+e 0+e],[0 1 1 1-e 1-e 0+e],c3);plot([0 1 1 0 0],[0 0 1 1 0]);disp(&apos;Mux&apos;);</Display>
    </Mask>
  </Block>
  <Block BlockType="Reference" Name="dotprod1" SID="44322">
    <P Name="Ports">[2, 1]</P>
    <P Name="Position">[240, 40, 260, 80]</P>
    <P Name="ZOrder">2</P>
    <P Name="LibraryVersion">1.100</P>
    <P Name="SourceBlock">neural/Weight Functions/dotprod</P>
    <P Name="SourceType">DOTPROD</P>
    <P Name="SourceProductBaseCode">NN</P>
    <InstanceData>
      <P Name="RTWMemSecFuncInitTerm">Inherit from model</P>
      <P Name="RTWMemSecFuncExecute">Inherit from model</P>
      <P Name="RTWMemSecDataConstants">Inherit from model</P>
      <P Name="RTWMemSecDataInternal">Inherit from model</P>
      <P Name="RTWMemSecDataParameters">Inherit from model</P>
      <P Name="ContentPreviewEnabled">off</P>
    </InstanceData>
  </Block>
  <Block BlockType="Reference" Name="dotprod2" SID="44323">
    <P Name="Ports">[2, 1]</P>
    <P Name="Position">[240, 100, 260, 140]</P>
    <P Name="ZOrder">4</P>
    <P Name="LibraryVersion">1.100</P>
    <P Name="SourceBlock">neural/Weight Functions/dotprod</P>
    <P Name="SourceType">DOTPROD</P>
    <P Name="SourceProductBaseCode">NN</P>
    <InstanceData>
      <P Name="RTWMemSecFuncInitTerm">Inherit from model</P>
      <P Name="RTWMemSecFuncExecute">Inherit from model</P>
      <P Name="RTWMemSecDataConstants">Inherit from model</P>
      <P Name="RTWMemSecDataInternal">Inherit from model</P>
      <P Name="RTWMemSecDataParameters">Inherit from model</P>
      <P Name="ContentPreviewEnabled">off</P>
    </InstanceData>
  </Block>
  <Block BlockType="Reference" Name="dotprod3" SID="44324">
    <P Name="Ports">[2, 1]</P>
    <P Name="Position">[240, 160, 260, 200]</P>
    <P Name="ZOrder">6</P>
    <P Name="LibraryVersion">1.100</P>
    <P Name="SourceBlock">neural/Weight Functions/dotprod</P>
    <P Name="SourceType">DOTPROD</P>
    <P Name="SourceProductBaseCode">NN</P>
    <InstanceData>
      <P Name="RTWMemSecFuncInitTerm">Inherit from model</P>
      <P Name="RTWMemSecFuncExecute">Inherit from model</P>
      <P Name="RTWMemSecDataConstants">Inherit from model</P>
      <P Name="RTWMemSecDataInternal">Inherit from model</P>
      <P Name="RTWMemSecDataParameters">Inherit from model</P>
      <P Name="ContentPreviewEnabled">off</P>
    </InstanceData>
  </Block>
  <Block BlockType="Reference" Name="dotprod4" SID="44325">
    <P Name="Ports">[2, 1]</P>
    <P Name="Position">[240, 220, 260, 260]</P>
    <P Name="ZOrder">8</P>
    <P Name="LibraryVersion">1.100</P>
    <P Name="SourceBlock">neural/Weight Functions/dotprod</P>
    <P Name="SourceType">DOTPROD</P>
    <P Name="SourceProductBaseCode">NN</P>
    <InstanceData>
      <P Name="RTWMemSecFuncInitTerm">Inherit from model</P>
      <P Name="RTWMemSecFuncExecute">Inherit from model</P>
      <P Name="RTWMemSecDataConstants">Inherit from model</P>
      <P Name="RTWMemSecDataInternal">Inherit from model</P>
      <P Name="RTWMemSecDataParameters">Inherit from model</P>
      <P Name="ContentPreviewEnabled">off</P>
    </InstanceData>
  </Block>
  <Block BlockType="Outport" Name="iz{1,1}" SID="44326">
    <P Name="Position">[420, 150, 440, 170]</P>
    <P Name="ZOrder">11</P>
    <Mask>
      <Display IconFrame="off">e = 0.06;c1 = [120 230 180]/255;c2 = ([120 230 180]+0)/(256+128);c3 = ([120 230 180]+128)/(256+128);patch([0 1 1 0],[0 0 1 1],c1);patch([0 1 1 1-e 1-e 0+e],[0 0 1 1-e 0+e 0+e],c2);patch([0 0 1 1-e 0+e 0+e],[0 1 1 1-e 1-e 0+e],c3);plot([0 1 1 0 0],[0 0 1 1 0]);</Display>
    </Mask>
  </Block>
  <Line>
    <P Name="ZOrder">1</P>
    <P Name="Src">44317#out:1</P>
    <P Name="Dst">44322#in:1</P>
  </Line>
  <Line>
    <P Name="ZOrder">2</P>
    <P Name="Src">44316#out:1</P>
    <P Name="Points">[0, 0]</P>
    <Branch>
      <P Name="ZOrder">3</P>
      <P Name="Dst">44322#in:2</P>
    </Branch>
    <Branch>
      <P Name="ZOrder">4</P>
      <P Name="Dst">44323#in:2</P>
    </Branch>
    <Branch>
      <P Name="ZOrder">5</P>
      <P Name="Dst">44324#in:2</P>
    </Branch>
    <Branch>
      <P Name="ZOrder">6</P>
      <P Name="Dst">44325#in:2</P>
    </Branch>
  </Line>
  <Line>
    <P Name="ZOrder">7</P>
    <P Name="Src">44322#out:1</P>
    <P Name="Dst">44321#in:1</P>
  </Line>
  <Line>
    <P Name="ZOrder">8</P>
    <P Name="Src">44318#out:1</P>
    <P Name="Dst">44323#in:1</P>
  </Line>
  <Line>
    <P Name="ZOrder">9</P>
    <P Name="Src">44323#out:1</P>
    <P Name="Dst">44321#in:2</P>
  </Line>
  <Line>
    <P Name="ZOrder">10</P>
    <P Name="Src">44319#out:1</P>
    <P Name="Dst">44324#in:1</P>
  </Line>
  <Line>
    <P Name="ZOrder">11</P>
    <P Name="Src">44324#out:1</P>
    <P Name="Dst">44321#in:3</P>
  </Line>
  <Line>
    <P Name="ZOrder">12</P>
    <P Name="Src">44320#out:1</P>
    <P Name="Dst">44325#in:1</P>
  </Line>
  <Line>
    <P Name="ZOrder">13</P>
    <P Name="Src">44325#out:1</P>
    <P Name="Dst">44321#in:4</P>
  </Line>
  <Line>
    <P Name="ZOrder">14</P>
    <P Name="Src">44321#out:1</P>
    <P Name="Dst">44326#in:1</P>
  </Line>
</System>
