<?xml version="1.0" encoding="utf-8"?>
<System>
  <P Name="Location">[-8, -8, 1928, 1048]</P>
  <P Name="SetExecutionDomain">off</P>
  <P Name="ExecutionDomainType">Deduce</P>
  <P Name="ZoomFactor">200</P>
  <P Name="SimulinkSubDomain">Simulink</P>
  <Block BlockType="Inport" Name="Input" SID="44307">
    <P Name="Position">[40, 40, 60, 60]</P>
    <P Name="ZOrder">1</P>
    <P Name="PortDimensions">2</P>
    <Mask>
      <Display IconFrame="off">e = 0.06;c1 = [120 230 180]/255;c2 = ([120 230 180]+0)/(256+128);c3 = ([120 230 180]+128)/(256+128);patch([0 1 1 0],[0 0 1 1],c1);patch([0 1 1 1-e 1-e 0+e],[0 0 1 1-e 0+e 0+e],c2);patch([0 0 1 1-e 0+e 0+e],[0 1 1 1-e 1-e 0+e],c3);plot([0 1 1 0 0],[0 0 1 1 0]);</Display>
    </Mask>
  </Block>
  <Block BlockType="From" Name=" a{1} " SID="44308">
    <P Name="Position">[40, 120, 60, 140]</P>
    <P Name="ZOrder">5</P>
    <P Name="GotoTag">feedback1</P>
    <Mask>
      <Display IconFrame="off">plot(cos(0:.1:2*pi),sin(0:.1:2*pi))</Display>
    </Mask>
  </Block>
  <Block BlockType="SubSystem" Name="Layer 1" SID="44309">
    <P Name="Ports">[1, 1]</P>
    <P Name="Position">[190, 40, 250, 60]</P>
    <P Name="ZOrder">7</P>
    <P Name="RequestExecContextInheritance">off</P>
    <P Name="ContentPreviewEnabled">on</P>
    <Mask>
      <Display IconFrame="off">e = 0.06;c1 = [120 150 230]/255;c2 = ([120 150 230]+0)/383;c3 = ([120 150 230]+128)/383;patch([0 1 1 0],[0 0 1 1],c1);patch([0 1 1 1-e 1-e 0+e],[0 0 1 1-e 0+e 0+e],c2);patch([0 0 1 1-e 0+e 0+e],[0 1 1 1-e 1-e 0+e],c3);plot([0 1 1 0 0],[0 0 1 1 0]);</Display>
    </Mask>
    <System Ref="system_44309"/>
  </Block>
  <Block BlockType="SubSystem" Name="Layer 2" SID="44331">
    <P Name="Ports">[1, 1]</P>
    <P Name="Position">[190, 80, 250, 100]</P>
    <P Name="ZOrder">8</P>
    <P Name="RequestExecContextInheritance">off</P>
    <P Name="ContentPreviewEnabled">on</P>
    <Mask>
      <Display IconFrame="off">e = 0.06;c1 = [120 150 230]/255;c2 = ([120 150 230]+0)/383;c3 = ([120 150 230]+128)/383;patch([0 1 1 0],[0 0 1 1],c1);patch([0 1 1 1-e 1-e 0+e],[0 0 1 1-e 0+e 0+e],c2);patch([0 0 1 1-e 0+e 0+e],[0 1 1 1-e 1-e 0+e],c3);plot([0 1 1 0 0],[0 0 1 1 0]);</Display>
    </Mask>
    <System Ref="system_44331"/>
  </Block>
  <Block BlockType="SubSystem" Name="Process Input 1" SID="44355">
    <P Name="Ports">[1, 1]</P>
    <P Name="Position">[100, 40, 120, 60]</P>
    <P Name="ZOrder">2</P>
    <P Name="RequestExecContextInheritance">off</P>
    <Mask>
      <Display IconFrame="off">e = 0.06;c1 = [120 150 230]/255;c2 = ([120 150 230]+0)/383;c3 = ([120 150 230]+128)/383;patch([0 1 1 0],[0 0 1 1],c1);patch([0 1 1 1-e 1-e 0+e],[0 0 1 1-e 0+e 0+e],c2);patch([0 0 1 1-e 0+e 0+e],[0 1 1 1-e 1-e 0+e],c3);plot([0 1 1 0 0],[0 0 1 1 0]);</Display>
    </Mask>
    <System Ref="system_44355"/>
  </Block>
  <Block BlockType="SubSystem" Name="Process Output 1" SID="44359">
    <P Name="Ports">[1, 1]</P>
    <P Name="Position">[320, 120, 340, 140]</P>
    <P Name="ZOrder">4</P>
    <P Name="RequestExecContextInheritance">off</P>
    <Mask>
      <Display IconFrame="off">e = 0.06;c1 = [120 150 230]/255;c2 = ([120 150 230]+0)/383;c3 = ([120 150 230]+128)/383;patch([0 1 1 0],[0 0 1 1],c1);patch([0 1 1 1-e 1-e 0+e],[0 0 1 1-e 0+e 0+e],c2);patch([0 0 1 1-e 0+e 0+e],[0 1 1 1-e 1-e 0+e],c3);plot([0 1 1 0 0],[0 0 1 1 0]);</Display>
    </Mask>
    <System Ref="system_44359"/>
  </Block>
  <Block BlockType="Goto" Name="a{1}" SID="44362">
    <P Name="Position">[380, 40, 400, 60]</P>
    <P Name="ZOrder">6</P>
    <P Name="GotoTag">feedback1</P>
    <Mask>
      <Display IconFrame="off">plot(cos(0:.1:2*pi),sin(0:.1:2*pi))</Display>
    </Mask>
  </Block>
  <Block BlockType="Outport" Name="Output" SID="44363">
    <P Name="Position">[380, 120, 400, 140]</P>
    <P Name="ZOrder">3</P>
    <P Name="InitialOutput">[0;0;0;0;0]</P>
    <Mask>
      <Display IconFrame="off">e = 0.06;c1 = [120 230 180]/255;c2 = ([120 230 180]+0)/(256+128);c3 = ([120 230 180]+128)/(256+128);patch([0 1 1 0],[0 0 1 1],c1);patch([0 1 1 1-e 1-e 0+e],[0 0 1 1-e 0+e 0+e],c2);patch([0 0 1 1-e 0+e 0+e],[0 1 1 1-e 1-e 0+e],c3);plot([0 1 1 0 0],[0 0 1 1 0]);</Display>
    </Mask>
  </Block>
  <Line>
    <P Name="ZOrder">1</P>
    <P Name="Src">44307#out:1</P>
    <P Name="Dst">44355#in:1</P>
  </Line>
  <Line>
    <P Name="ZOrder">2</P>
    <P Name="Src">44359#out:1</P>
    <P Name="Dst">44363#in:1</P>
  </Line>
  <Line>
    <P Name="ZOrder">3</P>
    <P Name="Src">44355#out:1</P>
    <P Name="Dst">44309#in:1</P>
  </Line>
  <Line>
    <P Name="ZOrder">4</P>
    <P Name="Src">44309#out:1</P>
    <P Name="Dst">44362#in:1</P>
  </Line>
  <Line>
    <P Name="ZOrder">5</P>
    <P Name="Src">44308#out:1</P>
    <P Name="Dst">44331#in:1</P>
  </Line>
  <Line>
    <P Name="ZOrder">6</P>
    <P Name="Src">44331#out:1</P>
    <P Name="Dst">44359#in:1</P>
  </Line>
</System>
