<?xml version="1.0" encoding="utf-8"?>
<System>
  <P Name="Location">[-8, -8, 1928, 1048]</P>
  <P Name="SetExecutionDomain">off</P>
  <P Name="ExecutionDomainType">Deduce</P>
  <P Name="ZoomFactor">125</P>
  <P Name="SimulinkSubDomain">Simulink</P>
  <Block BlockType="Inport" Name="y_f0" SID="43319">
    <P Name="Position">[60, -167, 90, -153]</P>
    <P Name="ZOrder">100000</P>
  </Block>
  <Block BlockType="Inport" Name="y_f1" SID="43320">
    <P Name="Position">[60, -52, 90, -38]</P>
    <P Name="ZOrder">100000</P>
    <P Name="Port">2</P>
  </Block>
  <Block BlockType="Inport" Name="y_f2" SID="43321">
    <P Name="Position">[120, 63, 150, 77]</P>
    <P Name="ZOrder">100000</P>
    <P Name="Port">3</P>
  </Block>
  <Block BlockType="Inport" Name="sigma" SID="43322">
    <P Name="Position">[60, 103, 90, 117]</P>
    <P Name="ZOrder">100000</P>
    <P Name="Port">4</P>
  </Block>
  <Block BlockType="Inport" Name="u" SID="44168">
    <P Name="Position">[-55, 13, -25, 27]</P>
    <P Name="ZOrder">100000</P>
    <P Name="Port">5</P>
  </Block>
  <Block BlockType="Reference" Name="ROSLSO&#xA; 2 Subsystems" SID="44165">
    <P Name="Ports">[3, 2]</P>
    <P Name="Position">[200, -91, 285, -19]</P>
    <P Name="ZOrder">100000</P>
    <P Name="LibraryVersion">1.46</P>
    <P Name="SourceBlock">PhdLibrary/ROSLSO
 2 Subsystems</P>
    <P Name="SourceType">ROSLSO</P>
    <P Name="SourceProductName">Phd Diego</P>
    <InstanceData>
      <P Name="RTWMemSecFuncInitTerm">Inherit from model</P>
      <P Name="RTWMemSecFuncExecute">Inherit from model</P>
      <P Name="RTWMemSecDataConstants">Inherit from model</P>
      <P Name="RTWMemSecDataInternal">Inherit from model</P>
      <P Name="RTWMemSecDataParameters">Inherit from model</P>
      <P Name="ContentPreviewEnabled">on</P>
      <P Name="B1">B1f</P>
      <P Name="B2">B2f</P>
      <P Name="T">T_1</P>
      <P Name="F1">F_11</P>
      <P Name="F2">F_12</P>
      <P Name="L1">L_11</P>
      <P Name="L2">L_12</P>
      <P Name="Q">Q_1</P>
      <P Name="z0">0</P>
    </InstanceData>
  </Block>
  <Block BlockType="Reference" Name="ROSLSO&#xA; 2 Subsystems1" SID="44166">
    <P Name="Ports">[3, 2]</P>
    <P Name="Position">[215, 29, 300, 101]</P>
    <P Name="ZOrder">100000</P>
    <P Name="LibraryVersion">1.46</P>
    <P Name="SourceBlock">PhdLibrary/ROSLSO
 2 Subsystems</P>
    <P Name="SourceType">ROSLSO</P>
    <P Name="SourceProductName">Phd Diego</P>
    <InstanceData>
      <P Name="RTWMemSecFuncInitTerm">Inherit from model</P>
      <P Name="RTWMemSecFuncExecute">Inherit from model</P>
      <P Name="RTWMemSecDataConstants">Inherit from model</P>
      <P Name="RTWMemSecDataInternal">Inherit from model</P>
      <P Name="RTWMemSecDataParameters">Inherit from model</P>
      <P Name="ContentPreviewEnabled">on</P>
      <P Name="B1">B1f</P>
      <P Name="B2">B2f</P>
      <P Name="T">T_2</P>
      <P Name="F1">F_21</P>
      <P Name="F2">F_22</P>
      <P Name="L1">L_21</P>
      <P Name="L2">L_22</P>
      <P Name="Q">Q_2</P>
      <P Name="z0">0</P>
    </InstanceData>
  </Block>
  <Block BlockType="Terminator" Name="Terminator" SID="43412">
    <P Name="Position">[355, -80, 375, -60]</P>
    <P Name="ZOrder">100000</P>
  </Block>
  <Block BlockType="Terminator" Name="Terminator1" SID="43413">
    <P Name="Position">[355, 40, 375, 60]</P>
    <P Name="ZOrder">100000</P>
  </Block>
  <Block BlockType="Outport" Name="x_hat_iL" SID="43414">
    <P Name="Position">[350, -42, 380, -28]</P>
    <P Name="ZOrder">100000</P>
  </Block>
  <Block BlockType="Outport" Name="x_hat_Vc" SID="43415">
    <P Name="Position">[345, 83, 375, 97]</P>
    <P Name="ZOrder">100000</P>
    <P Name="Port">2</P>
  </Block>
  <Block BlockType="Outport" Name="x_hat_0" SID="43416">
    <P Name="Position">[290, -167, 320, -153]</P>
    <P Name="ZOrder">100000</P>
    <P Name="Port">3</P>
  </Block>
  <Line>
    <P Name="ZOrder">1</P>
    <P Name="Src">43322#out:1</P>
    <P Name="Points">[5, 0; 0, -15]</P>
    <Branch>
      <P Name="ZOrder">2</P>
      <P Name="Points">[0, -125]</P>
      <P Name="Dst">44165#in:3</P>
    </Branch>
    <Branch>
      <P Name="ZOrder">3</P>
      <P Name="Points">[78, 0; 0, -5]</P>
      <P Name="Dst">44166#in:3</P>
    </Branch>
  </Line>
  <Line>
    <P Name="ZOrder">4</P>
    <P Name="Src">43320#out:1</P>
    <P Name="Points">[41, 0; 0, -10]</P>
    <P Name="Dst">44165#in:2</P>
  </Line>
  <Line>
    <P Name="ZOrder">5</P>
    <P Name="Src">43321#out:1</P>
    <P Name="Points">[23, 0; 0, -5]</P>
    <P Name="Dst">44166#in:2</P>
  </Line>
  <Line>
    <P Name="ZOrder">6</P>
    <P Name="Src">44166#out:2</P>
    <P Name="Points">[13, 0; 0, 5]</P>
    <P Name="Dst">43415#in:1</P>
  </Line>
  <Line>
    <P Name="ZOrder">7</P>
    <P Name="Src">44165#out:2</P>
    <P Name="Dst">43414#in:1</P>
  </Line>
  <Line>
    <P Name="ZOrder">8</P>
    <P Name="Src">44165#out:1</P>
    <P Name="Dst">43412#in:1</P>
  </Line>
  <Line>
    <P Name="ZOrder">9</P>
    <P Name="Src">44166#out:1</P>
    <P Name="Dst">43413#in:1</P>
  </Line>
  <Line>
    <P Name="ZOrder">10</P>
    <P Name="Src">43319#out:1</P>
    <P Name="Dst">43416#in:1</P>
  </Line>
  <Line>
    <P Name="ZOrder">11</P>
    <P Name="Src">44168#out:1</P>
    <P Name="Points">[34, 0]</P>
    <Branch>
      <P Name="ZOrder">12</P>
      <P Name="Points">[0, 20]</P>
      <P Name="Dst">44166#in:1</P>
    </Branch>
    <Branch>
      <P Name="ZOrder">13</P>
      <P Name="Points">[4, 0; 0, -100]</P>
      <P Name="Dst">44165#in:1</P>
    </Branch>
  </Line>
</System>
