<?xml version="1.0" encoding="UTF-8" standalone="yes" ?><cp:coreProperties xmlns:cp="http://schemas.openxmlformats.org/package/2006/metadata/core-properties" xmlns:dc="http://purl.org/dc/elements/1.1/" xmlns:dcmitype="http://purl.org/dc/dcmitype/" xmlns:dcterms="http://purl.org/dc/terms/" xmlns:xsi="http://www.w3.org/2001/XMLSchema-instance"><cp:category>model</cp:category><dcterms:created xsi:type="dcterms:W3CDTF">2020-06-23T13:38:40Z</dcterms:created><dc:creator>d13go</dc:creator><cp:lastModifiedBy>d13go</cp:lastModifiedBy><dcterms:modified xsi:type="dcterms:W3CDTF">2022-03-08T14:19:26Z</dcterms:modified><cp:revision>1.996</cp:revision><cp:version>R2020a</cp:version></cp:coreProperties>