<?xml version="1.0" encoding="utf-8"?>
<rsccat locale="en_US" version="1.0">
   <SystemList>
      <System Name=".*">
         <ExclusionList>
            <Exclusion Rationale="Ignored from Edit Time Checking">
               <RuleList>
                  <Rule RegExp="off" SID="off" Type="Block">
                     <paramValue>Flawless  Output Separator</paramValue>
                  </Rule>
               </RuleList>
               <CheckIDList>
                  <CheckID>mathworks.jmaab.jc_0231</CheckID>
               </CheckIDList>
            </Exclusion>
            <Exclusion Rationale="Ignored from Edit Time Checking">
               <RuleList>
                  <Rule RegExp="off" SID="off" Type="Block">
                     <paramValue>Integral Sliding Mode Controller</paramValue>
                  </Rule>
               </RuleList>
               <CheckIDList>
                  <CheckID>mathworks.jmaab.jc_0231</CheckID>
               </CheckIDList>
            </Exclusion>
            <Exclusion Rationale="Ignored from Edit Time Checking">
               <RuleList>
                  <Rule RegExp="off" SID="off" Type="Block">
                     <paramValue>Reconfiguration/Integral Sliding  Mode Controller</paramValue>
                  </Rule>
               </RuleList>
               <CheckIDList>
                  <CheckID>mathworks.jmaab.jc_0231</CheckID>
               </CheckIDList>
            </Exclusion>
         </ExclusionList>
      </System>
   </SystemList>
</rsccat>