<?xml version="1.0" encoding="utf-8"?>
<ModelInformation Version="1.0">
  <Model>
    <P Name="SavedCharacterEncoding">windows-1252</P>
    <Object PropName="HDLParams" ObjectID="1" ClassName="slprops.hdlmdlprops">
      <Array PropName="mdlProps" Type="Cell" Dimension="1*2">
        <Cell Class="char">HDLSubsystem</Cell>
        <Cell Class="char">$bdroot</Cell>
      </Array>
    </Object>
    <P Name="EnableAccessToBaseWorkspace">on</P>
    <P Name="SLXCompressionType">Normal</P>
    <P Name="ScopeRefreshTime">0.035000</P>
    <P Name="OverrideScopeRefreshTime">on</P>
    <P Name="DisableAllScopes">off</P>
    <P Name="DataTypeOverride">UseLocalSettings</P>
    <P Name="DataTypeOverrideAppliesTo">AllNumericTypes</P>
    <P Name="MinMaxOverflowLogging">UseLocalSettings</P>
    <P Name="MinMaxOverflowArchiveMode">Overwrite</P>
    <P Name="FPTRunName">Run 1</P>
    <P Name="MaxMDLFileLineLength">120</P>
    <P Name="InitFcn">kp=0.01;
ki=0.01;

k=2;
em=100000000;
GE=1/em;
GU=k*ki/GE;
GCE=k*kp/GU;
</P>
    <P Name="LastSavedArchitecture">win64</P>
    <P Name="HideAutomaticNames">on</P>
    <UserParameters>
      <P Name="PhysicalModelingChecksum">668644011</P>
      <P Name="PhysicalModelingParameterChecksum">3211780315</P>
      <P Name="PhysicalModelingProducts">Power_System_Blocks</P>
    </UserParameters>
    <ConfigManagerSettings>
      <P Name="UpdateHistory">UpdateHistoryNever</P>
      <P Name="ModifiedByFormat">%&lt;Auto&gt;</P>
      <P Name="ModifiedDateFormat">%&lt;Auto&gt;</P>
      <P Name="RTWModifiedTimeStamp">568638813</P>
      <P Name="ModelVersionFormat">1.%&lt;AutoIncrement:996&gt;</P>
    </ConfigManagerSettings>
    <EditorSettings>
      <P Name="SampleTimeColors">off</P>
      <P Name="SampleTimeAnnotations">off</P>
      <P Name="LibraryLinkDisplay">disabled</P>
      <P Name="WideLines">off</P>
      <P Name="ShowLineDimensions">off</P>
      <P Name="ShowPortDataTypes">off</P>
      <P Name="ShowAllPropagatedSignalLabels">off</P>
      <P Name="PortDataTypeDisplayFormat">AliasTypeOnly</P>
      <P Name="ShowEditTimeErrors">on</P>
      <P Name="ShowEditTimeWarnings">off</P>
      <P Name="ShowEditTimeAdvisorChecks">on</P>
      <P Name="ShowPortUnits">off</P>
      <P Name="ShowDesignRanges">off</P>
      <P Name="ShowLoopsOnError">on</P>
      <P Name="IgnoreBidirectionalLines">off</P>
      <P Name="ShowStorageClass">off</P>
      <P Name="ShowTestPointIcons">on</P>
      <P Name="ShowSignalResolutionIcons">on</P>
      <P Name="ShowViewerIcons">on</P>
      <P Name="SortedOrder">off</P>
      <P Name="VariantCondition">off</P>
      <P Name="ShowLinearizationAnnotations">on</P>
      <P Name="ShowVisualizeInsertedRTB">on</P>
      <P Name="ShowMarkup">on</P>
      <P Name="BlockNameDataTip">off</P>
      <P Name="BlockParametersDataTip">off</P>
      <P Name="BlockDescriptionStringDataTip">off</P>
      <P Name="BlockVariantConditionDataTip">off</P>
      <P Name="ToolBar">on</P>
      <P Name="StatusBar">on</P>
      <P Name="BrowserShowLibraryLinks">on</P>
      <P Name="FunctionConnectors">off</P>
      <P Name="BrowserLookUnderMasks">on</P>
      <P Name="MultiThreadCoSim">on</P>
    </EditorSettings>
    <SimulationSettings>
      <P Name="SimulationMode">accelerator</P>
      <P Name="SILPILModeSetting">automated</P>
      <P Name="SILPILSystemUnderTest">topmodel</P>
      <P Name="SILPILSimulationModeTopModel">normal</P>
      <P Name="SILPILSimulationModeModelRef">normal</P>
      <P Name="SimTabSimulationMode">accelerator</P>
      <P Name="CodeVerificationMode">software-in-the-loop (sil)</P>
      <P Name="PauseTimes">5</P>
      <P Name="NumberOfSteps">1</P>
      <P Name="SnapshotBufferSize">10</P>
      <P Name="SnapshotInterval">10</P>
      <P Name="NumberOfLastSnapshots">0</P>
      <P Name="EnablePacing">off</P>
      <P Name="PacingRate">1</P>
      <P Name="LinearizationMsg">none</P>
      <P Name="Profile">on</P>
      <P Name="ParamWorkspaceSource">MATLABWorkspace</P>
      <P Name="AccelSystemTargetFile">accel.tlc</P>
      <P Name="AccelTemplateMakefile">accel_default_tmf</P>
      <P Name="AccelMakeCommand">make_rtw</P>
      <P Name="TryForcingSFcnDF">off</P>
      <Object PropName="DataLoggingOverride" ObjectID="2" ClassName="Simulink.SimulationData.ModelLoggingInfo">
        <P Name="model_" Class="char">$bdroot</P>
      </Object>
      <Object PropName="InstrumentedSignals" ObjectID="3" ClassName="Simulink.HMI.InstrumentedSignals">
        <P Name="Persistence" Class="struct">[]</P>
      </Object>
    </SimulationSettings>
    <ExternalMode>
      <P Name="ExtModeBatchMode">off</P>
      <P Name="ExtModeEnableFloating">on</P>
      <P Name="ExtModeTrigType">manual</P>
      <P Name="ExtModeTrigMode">normal</P>
      <P Name="ExtModeTrigPort">1</P>
      <P Name="ExtModeTrigElement">any</P>
      <P Name="ExtModeTrigDuration">1000</P>
      <P Name="ExtModeTrigDurationFloating">auto</P>
      <P Name="ExtModeTrigHoldOff">0</P>
      <P Name="ExtModeTrigDelay">0</P>
      <P Name="ExtModeTrigDirection">rising</P>
      <P Name="ExtModeTrigLevel">0</P>
      <P Name="ExtModeArchiveMode">off</P>
      <P Name="ExtModeAutoIncOneShot">off</P>
      <P Name="ExtModeIncDirWhenArm">off</P>
      <P Name="ExtModeAddSuffixToVar">off</P>
      <P Name="ExtModeWriteAllDataToWs">off</P>
      <P Name="ExtModeArmWhenConnect">on</P>
      <P Name="ExtModeSkipDownloadWhenConnect">off</P>
      <P Name="ExtModeLogAll">on</P>
      <P Name="ExtModeAutoUpdateStatusClock">on</P>
    </ExternalMode>
    <ModelReferenceSettings>
      <P Name="ShowModelReferenceBlockVersion">off</P>
      <P Name="ShowModelReferenceBlockIO">off</P>
      <P Name="OrderedModelArguments">on</P>
    </ModelReferenceSettings>
    <ConcurrentExecutionSettings>
      <Object PropName="DataTransfer" ObjectID="4" ClassName="Simulink.GlobalDataTransfer">
        <P Name="DefaultTransitionBetweenSyncTasks" Class="char">Ensure deterministic transfer (maximum delay)</P>
        <P Name="DefaultTransitionBetweenAsyncTasks" Class="char">Ensure data integrity only</P>
        <P Name="DefaultTransitionBetweenContTasks" Class="char">Ensure deterministic transfer (minimum delay)</P>
        <P Name="DefaultExtrapolationMethodBetweenContTasks" Class="char">None</P>
      </Object>
      <P Name="ExplicitPartitioning">off</P>
      <Object PropName="ModelMappings" ObjectID="5" ClassName="Simulink.CoderDictionary.ModelMappingSLC">
        <P Name="DummyName" Class="char"/>
        <P Name="Inports" Class="double">[]</P>
        <P Name="Outports" Class="double">[]</P>
        <P Name="ModelScopedParameters" Class="double">[]</P>
        <P Name="Parameters" Class="double">[]</P>
        <P Name="Signals" Class="double">[]</P>
        <P Name="DataStores" Class="double">[]</P>
        <P Name="States" Class="double">[]</P>
        <Object PropName="DefaultsMapping" ObjectID="6" ClassName="Simulink.CoderDictionary.DefaultsMapping">
          <Object Reference="true" PropName="ParentMapping" ObjectID="5"/>
          <Object PropName="Inports" ObjectID="7" ClassName="Simulink.DataReferenceClass">
            <P Name="MappedTo" Class="char">StorageClass</P>
            <P Name="StorageClass" Class="double">[]</P>
            <P Name="CSCAttributes" Class="char"/>
            <P Name="MemorySection" Class="double">[]</P>
            <P Name="Identifier" Class="char"/>
          </Object>
          <Object PropName="Outports" ObjectID="8" ClassName="Simulink.DataReferenceClass">
            <P Name="MappedTo" Class="char">StorageClass</P>
            <P Name="StorageClass" Class="double">[]</P>
            <P Name="CSCAttributes" Class="char"/>
            <P Name="MemorySection" Class="double">[]</P>
            <P Name="Identifier" Class="char"/>
          </Object>
          <Object PropName="GlobalParameters" ObjectID="9" ClassName="Simulink.DataReferenceClass">
            <P Name="MappedTo" Class="char">StorageClass</P>
            <P Name="StorageClass" Class="double">[]</P>
            <P Name="CSCAttributes" Class="char"/>
            <P Name="MemorySection" Class="double">[]</P>
            <P Name="Identifier" Class="char"/>
          </Object>
          <Object PropName="SharedParameters" ObjectID="10" ClassName="Simulink.DataReferenceClass">
            <P Name="MappedTo" Class="char">StorageClass</P>
            <P Name="StorageClass" Class="double">[]</P>
            <P Name="CSCAttributes" Class="char"/>
            <P Name="MemorySection" Class="double">[]</P>
            <P Name="Identifier" Class="char"/>
          </Object>
          <Object PropName="PerInstanceParameters" ObjectID="11" ClassName="Simulink.DataReferenceClass">
            <P Name="MappedTo" Class="char">StorageClass</P>
            <P Name="StorageClass" Class="double">[]</P>
            <P Name="CSCAttributes" Class="char"/>
            <P Name="MemorySection" Class="double">[]</P>
            <P Name="Identifier" Class="char"/>
          </Object>
          <Object PropName="SharedLocalDataStores" ObjectID="12" ClassName="Simulink.DataReferenceClass">
            <P Name="MappedTo" Class="char">StorageClass</P>
            <P Name="StorageClass" Class="double">[]</P>
            <P Name="CSCAttributes" Class="char"/>
            <P Name="MemorySection" Class="double">[]</P>
            <P Name="Identifier" Class="char"/>
          </Object>
          <Object PropName="GlobalDataStores" ObjectID="13" ClassName="Simulink.DataReferenceClass">
            <P Name="MappedTo" Class="char">StorageClass</P>
            <P Name="StorageClass" Class="double">[]</P>
            <P Name="CSCAttributes" Class="char"/>
            <P Name="MemorySection" Class="double">[]</P>
            <P Name="Identifier" Class="char"/>
          </Object>
          <Object PropName="InternalData" ObjectID="14" ClassName="Simulink.DataReferenceClass">
            <P Name="MappedTo" Class="char">StorageClass</P>
            <P Name="StorageClass" Class="double">[]</P>
            <P Name="CSCAttributes" Class="char"/>
            <P Name="MemorySection" Class="double">[]</P>
            <P Name="Identifier" Class="char"/>
          </Object>
          <Object PropName="Constants" ObjectID="15" ClassName="Simulink.DataReferenceClass">
            <P Name="MappedTo" Class="char">StorageClass</P>
            <P Name="StorageClass" Class="double">[]</P>
            <P Name="CSCAttributes" Class="char"/>
            <P Name="MemorySection" Class="double">[]</P>
            <P Name="Identifier" Class="char"/>
          </Object>
          <Object PropName="InitTermFunctions" ObjectID="16" ClassName="Simulink.FunctionReferenceClass">
            <P Name="FunctionClass" Class="double">[]</P>
            <P Name="MemorySection" Class="double">[]</P>
          </Object>
          <Object PropName="ExecutionFunctions" ObjectID="17" ClassName="Simulink.FunctionReferenceClass">
            <P Name="FunctionClass" Class="double">[]</P>
            <P Name="MemorySection" Class="double">[]</P>
          </Object>
          <Object PropName="SharedUtilityFunctions" ObjectID="18" ClassName="Simulink.FunctionReferenceClass">
            <P Name="FunctionClass" Class="double">[]</P>
            <P Name="MemorySection" Class="double">[]</P>
          </Object>
        </Object>
        <P Name="Name" Class="char">boostObserver_SLC</P>
        <P Name="Active" Class="logical">1</P>
      </Object>
    </ConcurrentExecutionSettings>
    <System Ref="system_root"/>
  </Model>
</ModelInformation>
