<?xml version="1.0" encoding="utf-8"?>
<ConfigSetInfo>
  <ConfigSet PartName="/simulink/configSet0.xml">Configuration</ConfigSet>
  <ConfigSet PartName="/simulink/configSet1.xml">Configuration1</ConfigSet>
  <ConfigSet PartName="/simulink/configSet2.xml">Configuration2</ConfigSet>
  <ConfigSet PartName="/simulink/configSet3.xml">Configuration3</ConfigSet>
  <ConfigSet PartName="/simulink/configSet4.xml">Configuration4</ConfigSet>
  <ConfigSet PartName="/simulink/configSet5.xml">Configuration5</ConfigSet>
  <ConfigSet PartName="/simulink/configSet6.xml">Configuration6</ConfigSet>
  <ConfigSet PartName="/simulink/configSet7.xml">Configuration7</ConfigSet>
  <ConfigSet PartName="/simulink/configSet8.xml">QuickStart_50021_6_2_18_37_14812</ConfigSet>
  <ConfigSet PartName="/simulink/configSet9.xml">QuickStart_50021_6_2_18_37_14813</ConfigSet>
  <ConfigSet PartName="/simulink/configSet10.xml" Active="true">QuickStart_50021_6_2_18_37_14814</ConfigSet>
</ConfigSetInfo>
