<?xml version="1.0" encoding="utf-8"?>
<GraphicalInterface>
  <P Name="NumRootInports">0</P>
  <P Name="NumRootOutports">0</P>
  <P Name="ParameterArgumentNames"/>
  <P Name="NumModelReferences">0</P>
  <P Name="NumTestPointedSignals">0</P>
  <P Name="NumProvidedFunctions">0</P>
  <P Name="NumRequiredFunctions">0</P>
  <P Name="NumResetEvents">0</P>
  <P Name="HasInitializeEvent">0</P>
  <P Name="HasTerminateEvent">0</P>
  <P Name="PreCompExecutionDomainType">Unset</P>
  <P Name="IsExportFunctionModel">0</P>
  <P Name="IsArchitectureModel">0</P>
  <P Name="IsAUTOSARArchitectureModel">0</P>
  <P Name="NumParameterArguments">0</P>
  <P Name="NumExternalFileReferences">33</P>
  <ExternalFileReference>
    <P Name="Reference">PhdLibrary/ROSLSO
 2 Subsystems</P>
    <P Name="Path">$bdroot/Bank of ROSLSO/ROSLSO  2 Subsystems</P>
    <P Name="SID">44165</P>
    <P Name="Type">LIBRARY_BLOCK</P>
  </ExternalFileReference>
  <ExternalFileReference>
    <P Name="Reference">PhdLibrary/ROSLSO
 2 Subsystems</P>
    <P Name="Path">$bdroot/Bank of ROSLSO/ROSLSO  2 Subsystems1</P>
    <P Name="SID">44166</P>
    <P Name="Type">LIBRARY_BLOCK</P>
  </ExternalFileReference>
  <ExternalFileReference>
    <P Name="Reference">PhdLibrary/Boost Converter 
State Space</P>
    <P Name="Path">$bdroot/Boost Converter  State Space</P>
    <P Name="SID">43039</P>
    <P Name="Type">LIBRARY_BLOCK</P>
  </ExternalFileReference>
  <ExternalFileReference>
    <P Name="Reference">PhdLibrary/FDSLS</P>
    <P Name="Path">$bdroot/FDSLS</P>
    <P Name="SID">43070</P>
    <P Name="Type">LIBRARY_BLOCK</P>
  </ExternalFileReference>
  <ExternalFileReference>
    <P Name="Reference">PhdLibrary/FDSLS</P>
    <P Name="Path">$bdroot/FDSLS2</P>
    <P Name="SID">43165</P>
    <P Name="Type">LIBRARY_BLOCK</P>
  </ExternalFileReference>
  <ExternalFileReference>
    <P Name="Reference">dspstat3/Maximum</P>
    <P Name="Path">$bdroot/Fault Identification/Maximum</P>
    <P Name="SID">43479</P>
    <P Name="Type">LIBRARY_BLOCK</P>
  </ExternalFileReference>
  <ExternalFileReference>
    <P Name="Reference">neural/Weight Functions/dotprod</P>
    <P Name="Path">$bdroot/Fault Identification/Pattern Recognition Neural Network/Layer 1/IW{1,1}/dotprod1</P>
    <P Name="SID">44322</P>
    <P Name="Type">LIBRARY_BLOCK</P>
  </ExternalFileReference>
  <ExternalFileReference>
    <P Name="Reference">neural/Weight Functions/dotprod</P>
    <P Name="Path">$bdroot/Fault Identification/Pattern Recognition Neural Network/Layer 1/IW{1,1}/dotprod2</P>
    <P Name="SID">44323</P>
    <P Name="Type">LIBRARY_BLOCK</P>
  </ExternalFileReference>
  <ExternalFileReference>
    <P Name="Reference">neural/Weight Functions/dotprod</P>
    <P Name="Path">$bdroot/Fault Identification/Pattern Recognition Neural Network/Layer 1/IW{1,1}/dotprod3</P>
    <P Name="SID">44324</P>
    <P Name="Type">LIBRARY_BLOCK</P>
  </ExternalFileReference>
  <ExternalFileReference>
    <P Name="Reference">neural/Weight Functions/dotprod</P>
    <P Name="Path">$bdroot/Fault Identification/Pattern Recognition Neural Network/Layer 1/IW{1,1}/dotprod4</P>
    <P Name="SID">44325</P>
    <P Name="Type">LIBRARY_BLOCK</P>
  </ExternalFileReference>
  <ExternalFileReference>
    <P Name="Reference">neural/Transfer Functions/tansig</P>
    <P Name="Path">$bdroot/Fault Identification/Pattern Recognition Neural Network/Layer 1/tansig</P>
    <P Name="SID">44329</P>
    <P Name="Type">LIBRARY_BLOCK</P>
  </ExternalFileReference>
  <ExternalFileReference>
    <P Name="Reference">neural/Weight Functions/dotprod</P>
    <P Name="Path">$bdroot/Fault Identification/Pattern Recognition Neural Network/Layer 2/LW{2,1}/dotprod1</P>
    <P Name="SID">44345</P>
    <P Name="Type">LIBRARY_BLOCK</P>
  </ExternalFileReference>
  <ExternalFileReference>
    <P Name="Reference">neural/Weight Functions/dotprod</P>
    <P Name="Path">$bdroot/Fault Identification/Pattern Recognition Neural Network/Layer 2/LW{2,1}/dotprod2</P>
    <P Name="SID">44346</P>
    <P Name="Type">LIBRARY_BLOCK</P>
  </ExternalFileReference>
  <ExternalFileReference>
    <P Name="Reference">neural/Weight Functions/dotprod</P>
    <P Name="Path">$bdroot/Fault Identification/Pattern Recognition Neural Network/Layer 2/LW{2,1}/dotprod3</P>
    <P Name="SID">44347</P>
    <P Name="Type">LIBRARY_BLOCK</P>
  </ExternalFileReference>
  <ExternalFileReference>
    <P Name="Reference">neural/Weight Functions/dotprod</P>
    <P Name="Path">$bdroot/Fault Identification/Pattern Recognition Neural Network/Layer 2/LW{2,1}/dotprod4</P>
    <P Name="SID">44348</P>
    <P Name="Type">LIBRARY_BLOCK</P>
  </ExternalFileReference>
  <ExternalFileReference>
    <P Name="Reference">neural/Weight Functions/dotprod</P>
    <P Name="Path">$bdroot/Fault Identification/Pattern Recognition Neural Network/Layer 2/LW{2,1}/dotprod5</P>
    <P Name="SID">44349</P>
    <P Name="Type">LIBRARY_BLOCK</P>
  </ExternalFileReference>
  <ExternalFileReference>
    <P Name="Reference">neural/Transfer Functions/softmax</P>
    <P Name="Path">$bdroot/Fault Identification/Pattern Recognition Neural Network/Layer 2/softmax</P>
    <P Name="SID">44353</P>
    <P Name="Type">LIBRARY_BLOCK</P>
  </ExternalFileReference>
  <ExternalFileReference>
    <P Name="Reference">neural/Processing Functions/mapminmax</P>
    <P Name="Path">$bdroot/Fault Identification/Pattern Recognition Neural Network/Process Input 1/mapminmax</P>
    <P Name="SID">44357</P>
    <P Name="Type">LIBRARY_BLOCK</P>
  </ExternalFileReference>
  <ExternalFileReference>
    <P Name="Reference">PhdLibrary/Loss of sensor
Generator</P>
    <P Name="Path">$bdroot/Fault Module/Loss of sensor Generator</P>
    <P Name="SID">43008</P>
    <P Name="Type">LIBRARY_BLOCK</P>
  </ExternalFileReference>
  <ExternalFileReference>
    <P Name="Reference">PhdLibrary/Loss of sensor
Generator</P>
    <P Name="Path">$bdroot/Fault Module/Loss of sensor Generator1</P>
    <P Name="SID">43024</P>
    <P Name="Type">LIBRARY_BLOCK</P>
  </ExternalFileReference>
  <ExternalFileReference>
    <P Name="Reference">PhdLibrary/Sensor Gain
Fault Generator</P>
    <P Name="Path">$bdroot/Fault Module/Sensor Gain Fault Generator</P>
    <P Name="SID">43006</P>
    <P Name="Type">LIBRARY_BLOCK</P>
  </ExternalFileReference>
  <ExternalFileReference>
    <P Name="Reference">PhdLibrary/Sensor Gain
Fault Generator</P>
    <P Name="Path">$bdroot/Fault Module/Sensor Gain Fault Generator2</P>
    <P Name="SID">43036</P>
    <P Name="Type">LIBRARY_BLOCK</P>
  </ExternalFileReference>
  <ExternalFileReference>
    <P Name="Reference">powerlib_meascontrol/Pulse &amp; Signal
Generators/PWM Generator
(DC-DC)</P>
    <P Name="Path">$bdroot/Integral Sliding  Mode Controller1/PWM</P>
    <P Name="SID">44418</P>
    <P Name="Type">LIBRARY_BLOCK</P>
  </ExternalFileReference>
  <ExternalFileReference>
    <P Name="Reference">PhdLibrary/Step
Perturbation</P>
    <P Name="Path">$bdroot/Load Module/Load_add_switch</P>
    <P Name="SID">43040</P>
    <P Name="Type">LIBRARY_BLOCK</P>
  </ExternalFileReference>
  <ExternalFileReference>
    <P Name="Reference">PhdLibrary/Step
Perturbation</P>
    <P Name="Path">$bdroot/Load Module/Load_remove_switch</P>
    <P Name="SID">43042</P>
    <P Name="Type">LIBRARY_BLOCK</P>
  </ExternalFileReference>
  <ExternalFileReference>
    <P Name="Reference">powerlib_meascontrol/Measurements/RMS</P>
    <P Name="Path">$bdroot/RMS</P>
    <P Name="SID">44277</P>
    <P Name="Type">LIBRARY_BLOCK</P>
  </ExternalFileReference>
  <ExternalFileReference>
    <P Name="Reference">powerlib_meascontrol/Measurements/RMS</P>
    <P Name="Path">$bdroot/RMS1</P>
    <P Name="SID">44281</P>
    <P Name="Type">LIBRARY_BLOCK</P>
  </ExternalFileReference>
  <ExternalFileReference>
    <P Name="Reference">PhdLibrary/Residual Evaluator</P>
    <P Name="Path">$bdroot/Residual Evaluator</P>
    <P Name="SID">44279</P>
    <P Name="Type">LIBRARY_BLOCK</P>
  </ExternalFileReference>
  <ExternalFileReference>
    <P Name="Reference">PhdLibrary/Residual Evaluator</P>
    <P Name="Path">$bdroot/Residual Evaluator1</P>
    <P Name="SID">44280</P>
    <P Name="Type">LIBRARY_BLOCK</P>
  </ExternalFileReference>
  <ExternalFileReference>
    <P Name="Reference">PhdLibrary/Step
Perturbation</P>
    <P Name="Path">$bdroot/Source Module/Source_add_switch</P>
    <P Name="SID">43043</P>
    <P Name="Type">LIBRARY_BLOCK</P>
  </ExternalFileReference>
  <ExternalFileReference>
    <P Name="Reference">PhdLibrary/Step
Perturbation</P>
    <P Name="Path">$bdroot/Source Module/Source_remove_switch</P>
    <P Name="SID">43044</P>
    <P Name="Type">LIBRARY_BLOCK</P>
  </ExternalFileReference>
  <ExternalFileReference>
    <P Name="Reference">PhdLibrary/Alarm Generator
for Permanent Faults</P>
    <P Name="Path">$bdroot/Subsystem/Alarm Generator for Permanent Faults</P>
    <P Name="SID">44286</P>
    <P Name="Type">LIBRARY_BLOCK</P>
  </ExternalFileReference>
  <ExternalFileReference>
    <P Name="Reference">PhdLibrary/Alarm Generator
for Permanent Faults</P>
    <P Name="Path">$bdroot/Subsystem/Alarm Generator for Permanent Faults1</P>
    <P Name="SID">44287</P>
    <P Name="Type">LIBRARY_BLOCK</P>
  </ExternalFileReference>
  <P Name="OrderedModelArguments">1</P>
</GraphicalInterface>
