<?xml version="1.0" encoding="UTF-8"?>
<sltp_graph version="1.1" packageUris="http://schema.mathworks.com/mf0/sltp_mm/R2020a_201913111440">
  <sltp.mm.core.Context type="sltp.mm.core.Context" uuid="e791ff30-4ac8-48df-82bc-afd13167a2e4">
    <priorityDirection>HighNumberLast</priorityDirection>
    <editorState type="sltp.mm.core.EditorState" uuid="4adcba1e-ed51-48a9-8f4f-35716631d7ac">
      <isSynchronized>true</isSynchronized>
    </editorState>
    <rootTask type="sltp.mm.core.Task" uuid="325b888f-3bff-405e-b35e-8830d8ea6f77">
      <context type="sltp.mm.core.Context" uuid="e791ff30-4ac8-48df-82bc-afd13167a2e4"/>
      <explicit>false</explicit>
      <name>Default</name>
      <priority>-2147483648</priority>
      <subgraph type="sltp.mm.core.Graph" uuid="3a3be78f-5c94-44b6-8c96-25409547797f">
        <tasks type="sltp.mm.core.Task" uuid="d5059179-5abc-4365-9115-69bc7140c0b4">
          <baseTask>true</baseTask>
          <context type="sltp.mm.core.Context" uuid="e791ff30-4ac8-48df-82bc-afd13167a2e4"/>
          <explicit>false</explicit>
          <id>1</id>
          <name>Cont</name>
          <priority>40</priority>
          <rates type="sltp.mm.core.Rate" uuid="cba8e387-fd82-4d63-a949-49e77ddacf52">
            <annotation>Cont</annotation>
            <color>255</color>
            <hasBlocks>true</hasBlocks>
            <rateSpec type="sltp.mm.core.RateSpec">
              <period>0</period>
            </rateSpec>
            <sti>0</sti>
          </rates>
          <rates type="sltp.mm.core.Rate" uuid="5003323e-83b6-4a3b-88e4-6015d63ca97c">
            <annotation>FiM</annotation>
            <color>-2139062017</color>
            <hasBlocks>true</hasBlocks>
            <rateSpec type="sltp.mm.core.RateSpec">
              <offset>1</offset>
              <period>0</period>
            </rateSpec>
            <sti>1</sti>
          </rates>
          <rates type="sltp.mm.core.Rate" uuid="a11a1850-2159-420f-89bd-e140c031724d">
            <annotation>D1</annotation>
            <color>-436207361</color>
            <hasBlocks>true</hasBlocks>
            <rateSpec type="sltp.mm.core.RateSpec">
              <period>7.1428571428571434e-05</period>
            </rateSpec>
            <sti>2</sti>
          </rates>
          <rates type="sltp.mm.core.Rate" uuid="225ba033-31b9-444f-bd40-d0cf5f740fcc">
            <annotation>D2</annotation>
            <color>13697279</color>
            <hasBlocks>true</hasBlocks>
            <rateSpec type="sltp.mm.core.RateSpec">
              <period>0.0001</period>
            </rateSpec>
            <sti>3</sti>
          </rates>
        </tasks>
      </subgraph>
    </rootTask>
  </sltp.mm.core.Context>
</sltp_graph>