<?xml version="1.0" encoding="UTF-8"?>
<sltp_editor version="1.1" packageUris="http://schema.mathworks.com/mf0/DiagramEditor/R2019a_20181107 http://schema.mathworks.com/mf0/SltpSyntax/R2020a_201913111440">
  <diagram.editor.model.Diagram type="diagram.editor.model.Diagram" uuid="89e6ec85-bba3-4bb3-8f0f-4ef3b14620f6">
    <entities type="diagram.editor.model.Entity" uuid="2674465a-cfa7-40f7-a30b-10ff540e9920">
      <position>0,0</position>
      <size>0,0,0,0</size>
      <syntaxElement type="sltp.mm.syntax.Node" uuid="4c64ecf7-4c5a-42a5-9448-9afdddbc886a"/>
      <title>Cont</title>
      <type>base</type>
      <subDiagram type="diagram.editor.model.Diagram" uuid="4c0a7ae1-b285-423a-b627-e9a75f294c1c">
        <position>0,0</position>
        <syntaxElement type="sltp.mm.syntax.Graph" uuid="75bb90cd-b2d6-4b22-98bd-74e31b1d1a23"/>
        <title>Cont</title>
        <type>graph.Graph</type>
      </subDiagram>
    </entities>
    <syntaxElement type="sltp.mm.syntax.Graph" uuid="ca549a76-ee71-48c3-a9cf-6913cf24e719"/>
    <title>Default</title>
    <type>graph.Graph</type>
  </diagram.editor.model.Diagram>
  <sltp.mm.syntax.Context type="sltp.mm.syntax.Context" uuid="747d31ee-0295-4fbb-a66a-1dcab6bd44a4">
    <rootGraph type="sltp.mm.syntax.Graph" uuid="ca549a76-ee71-48c3-a9cf-6913cf24e719">
      <children type="sltp.mm.syntax.Node" uuid="4c64ecf7-4c5a-42a5-9448-9afdddbc886a">
        <priority>40</priority>
        <rates type="sltp.mm.syntax.RateData">
          <color>#000000</color>
          <hasBlocks>true</hasBlocks>
          <rate>0</rate>
          <title>Cont</title>
        </rates>
        <rates type="sltp.mm.syntax.RateData">
          <color>#808080</color>
          <hasBlocks>true</hasBlocks>
          <rate>[0, 1]</rate>
          <title>FiM</title>
        </rates>
        <rates type="sltp.mm.syntax.RateData">
          <color>#e60000</color>
          <hasBlocks>true</hasBlocks>
          <rate>7.142857142857143e-05</rate>
          <title>D1</title>
        </rates>
        <rates type="sltp.mm.syntax.RateData">
          <color>#00d100</color>
          <hasBlocks>true</hasBlocks>
          <rate>0.0001</rate>
          <title>D2</title>
        </rates>
        <title>Cont</title>
        <type>base</type>
        <diagramElement type="diagram.editor.model.Entity" uuid="2674465a-cfa7-40f7-a30b-10ff540e9920"/>
        <subgraph type="sltp.mm.syntax.Graph" uuid="75bb90cd-b2d6-4b22-98bd-74e31b1d1a23">
          <title>Cont</title>
          <diagramElement type="diagram.editor.model.Diagram" uuid="4c0a7ae1-b285-423a-b627-e9a75f294c1c"/>
        </subgraph>
      </children>
      <title>Default</title>
      <diagramElement type="diagram.editor.model.Diagram" uuid="89e6ec85-bba3-4bb3-8f0f-4ef3b14620f6"/>
    </rootGraph>
  </sltp.mm.syntax.Context>
</sltp_editor>